Time,Extension,Load
0,0.001250731,-0.961719692
0.099609,0.026622694,-0.886048436
0.199707,0.050624811,-1.268052578
0.299805,0.074626929,-0.165486589
0.399902,0.09862904,-0.821560502
0.5,0.122571597,-0.914800048
0.599609,0.146633276,-0.234827369
0.699707,0.170575833,-1.042042017
0.799805,0.194577951,-1.231432915
0.899902,0.21863963,-1.186688781
1,0.242582188,-0.934712946
1.099609,0.266643852,-0.355226368
1.199707,0.290645985,-0.525287688
1.299805,0.314648089,-1.112255216
1.399902,0.338650192,-0.708675206
1.5,0.362592749,-0.61368531
1.599609,0.386654428,-0.721265256
1.699707,0.410596986,-0.994964242
1.799805,0.434658665,-0.917973459
1.899902,0.458601222,0.361529589
2,0.482662901,-0.718135476
2.099609,0.506605487,0.38227129
2.199707,0.530667137,-0.044874948
2.299805,0.554550148,-0.242891774
2.399902,0.578611798,-0.467969894
2.5,0.602613902,-1.241743684
2.599609,0.62667561,-1.278232574
2.699707,0.650618167,-0.193371207
2.799805,0.674679817,-1.704533696
2.899902,0.698681921,-0.681232214
3,0.722684083,-0.816484094
3.099609,0.74662664,-0.45257175
3.199707,0.77068829,-0.390570164
3.299805,0.794630847,-0.357232928
3.399902,0.818632951,-1.078896165
3.5,0.842635112,0.043768067
3.599609,0.866637216,0.272204995
3.699707,0.89063932,-0.235754311
3.799805,0.914641423,0.204527244
3.899902,0.938524434,-0.093010552
4,0.962645689,0.333017886
4.099609,0.986588188,-0.817051172
4.199707,1.010649954,-1.211629033
4.299805,1.034592511,-0.723653495
4.399902,1.058594557,0.150175676
4.5,1.082596718,-0.888300359
4.599609,1.106598764,-0.882727802
4.699707,1.130600926,-0.804068506
4.799805,1.154662576,-0.316349298
4.899902,1.178605133,-0.543275833
5,1.202666783,-0.642431498
5.099609,1.22660934,-0.177269667
5.199707,1.250671106,-0.429932505
5.299805,1.274732756,-0.231223196
5.399902,1.298615709,-0.550669551
5.5,1.322677359,-0.266583353
5.599609,1.346679521,-0.144237787
5.699707,1.370681683,0.176059186
5.799805,1.39462424,-0.080573156
5.899902,1.418566797,-0.423651129
6,1.442687935,0.839903057
6.099609,1.466630492,0.095426053
6.199707,1.490632654,-0.420913905
6.299805,1.514634816,-0.139755741
6.399902,1.538577373,-0.089793511
6.5,1.562639023,-0.754095376
6.599609,1.58658158,-0.153310925
6.699707,1.610583742,-0.433634847
6.799805,1.634645392,-1.440164089
6.899902,1.658647438,0.491901368
7,1.682649599,0.266065359
7.099609,1.706592157,-0.599464953
7.199707,1.730653807,-0.081658222
7.299805,1.754655968,-0.363099933
7.399902,1.778658014,-0.335329801
7.5,1.802660176,-0.416388243
7.599609,1.826662337,-0.087797858
7.699707,1.850664383,-0.108904898
7.799805,1.87460694,-0.003549646
7.899902,1.898609102,1.185156584
8,1.922670752,-0.333819419
8.099609,1.946613309,-0.288633674
8.199707,1.970555866,0.424299985
8.299805,1.994617516,0.942951858
8.399902,2.018619562,0.056325417
8.5,2.042681444,-0.341491252
8.599609,2.066564281,-0.621199012
8.699707,2.090625931,0.649585307
8.799805,2.114628209,0.442533493
8.899902,2.138630254,0.409278035
9,2.1626323,0.848245502
9.099609,2.18669395,-0.970471144
9.199707,2.210696228,0.468515158
9.299805,2.234638669,-0.220459759
9.399902,2.258640714,-0.276147217
9.5,2.282642992,0.060774744
9.599609,2.306645038,-0.035452843
9.699707,2.330706688,-0.279571444
9.799805,2.354589757,-0.571509421
9.899902,2.378651407,0.279402435
10,2.402593847,0.018337114
10.099609,2.426596126,-0.403629154
10.199707,2.450657776,0.115998738
10.299805,2.474659821,0.3718023
10.399902,2.498602495,0.981321812
10.5,2.522544935,-1.105723023
10.599609,2.546606585,-0.509055257
10.699707,2.570608864,-0.007824489
10.799805,2.594610909,0.177144259
10.899902,2.618672559,0.017148444
11,2.642615233,0.485129237
11.099609,2.666676883,0.334402859
11.199707,2.690678928,-0.301147431
11.299805,2.714621369,-0.028468056
11.399902,2.738683252,0.021777708
11.5,2.762685297,0.08367569
11.599609,2.786687342,-0.146642387
11.699707,2.810689388,-0.391388059
11.799805,2.834632061,0.268944323
11.899902,2.858693711,-0.463057101
12,2.882636385,-0.311534643
12.099609,2.90663843,0.163850799
12.199707,2.930640476,-0.377211273
12.299805,2.954642521,0.529687941
12.399902,2.978644799,-0.096903712
12.5,3.002646845,-0.658009589
12.599609,3.02664889,0.004885535
12.699707,3.050651168,-0.288928121
12.799805,3.074593609,0.012568257
12.899902,3.098595887,-0.366060704
13,3.122657537,1.167277455
13.099609,3.146659583,-0.548493981
13.199707,3.170602024,0.145579129
13.299805,3.194663906,0.033986092
13.399902,3.218665952,0.006641274
13.5,3.242667997,0.212738872
13.599609,3.266670043,0.867302358
13.699707,3.290612716,0.147623852
13.799805,3.314733971,0.801800251
13.899902,3.338676412,0.856135428
14,3.36267869,-0.0730322
14.099609,3.386621131,-0.131326005
14.199707,3.410623176,0.572109222
14.299805,3.434625454,0.676728368
14.399902,3.4586275,0.786173046
14.5,3.482629545,0.52578932
14.599609,3.506631823,0.41133368
14.699707,3.530633869,0.053844482
14.799805,3.554635914,0.356038809
14.899902,3.578578588,0.155939072
15,3.602640238,0.569153905
15.099609,3.626642283,0.866724432
15.199707,3.650644561,0.420466781
15.299805,3.674587002,1.280495405
15.399902,3.698708257,0.52960068
15.5,3.722650697,0.35696575
15.599609,3.746593371,0.342292786
15.699707,3.770595416,0.95843178
15.799805,3.794657066,0.741908789
15.899902,3.818659345,1.136404872
16,3.84266139,1.527558446
16.099609,3.866663435,0.645604908
16.199707,3.890665714,0.59125334
16.299805,3.914608154,1.316597104
16.399902,3.9386102,1.285604477
16.5,3.962552641,1.032298207
16.599609,3.986614291,0.993502975
16.699707,4.010557197,1.632690072
16.799805,4.034618847,1.424247861
16.899902,4.058620892,0.575080872
17,4.082682543,0.959767699
17.099609,4.106624983,0.26113075
17.199707,4.130627029,0.633898139
17.299805,4.15462954,1.468812108
17.399902,4.178750329,0.01741017
17.5,4.202693235,1.650607347
17.599609,4.226635676,0.993224859
17.699707,4.250697326,0.888513029
17.799805,4.274699371,1.66648531
17.899902,4.298582673,1.618731499
18,4.322644323,1.093590975
18.099609,4.346646369,0.430428714
18.199707,4.370648414,1.652166843
18.299805,4.394590855,1.600148916
18.399902,4.418652505,1.591632009
18.5,4.442594945,1.56178987
18.599609,4.466597456,1.481363893
18.699707,4.490599502,1.371761084
18.799805,4.514601547,1.333243966
18.899902,4.538663197,2.425858974
19,4.562665243,1.788165689
19.099609,4.586607683,2.044950724
19.199707,4.610669333,2.112072229
19.299805,4.63461224,1.02029705
19.399902,4.65867389,2.121309042
19.5,4.682616331,1.554706931
19.599609,4.706737585,1.70428288
19.699707,4.730680026,2.417963505
19.799805,4.754682072,2.029956102
19.899902,4.778684117,2.420580864
20,4.802627023,2.01497221
20.099609,4.826688673,1.721872926
20.199707,4.850631114,2.393906593
20.299805,4.874633159,2.220426559
20.399902,4.898635205,1.875898123
20.5,4.922637716,2.066957474
20.599609,4.946580157,1.729964614
20.699707,4.970701411,2.623156071
20.799805,4.994643852,2.329772949
20.899902,5.018705502,2.440853596
21,5.042588338,2.911162615
21.099609,5.066649988,2.867127419
21.199707,5.090652499,2.502020836
21.299805,5.114654545,1.014637232
21.399902,5.138596985,2.56101799
21.5,5.162599031,2.128724575
21.599609,5.186660681,2.709296227
21.699707,5.210722331,3.447022915
21.799805,5.234605633,3.850232124
21.899902,5.258667283,2.664115906
22,5.282609724,2.56840086
22.099609,5.306671374,2.832394361
22.199707,5.330613814,2.725152493
22.299805,5.35461586,2.821990728
22.399902,5.378617905,3.452595472
22.5,5.402680021,3.075264215
22.599609,5.426562857,3.628551006
22.699707,5.450624507,3.673873186
22.799805,5.474626552,3.930439949
22.899902,5.498568993,3.187555075
23,5.522571504,3.398920059
23.099609,5.546633154,3.107958078
23.199707,5.5706352,3.685858011
23.299805,5.59469685,2.901576996
23.399902,5.618579686,3.423489332
23.5,5.642641336,3.314023018
23.599609,5.666643381,3.079931736
23.699707,5.690645427,3.743644714
23.799805,5.714647938,3.783644915
23.899902,5.738649983,3.559455633
24,5.762652028,3.289562464
24.099609,5.786654074,2.97155571
24.199707,5.810596514,3.477208614
24.299805,5.834658165,3.695476294
24.399902,5.858660676,3.988597631
24.5,5.882662721,3.907920837
24.599609,5.906664766,3.926753998
24.699707,5.930607207,3.153978109
24.799805,5.954668857,4.46101141
24.899902,5.978611298,3.330358982
25,6.002613809,3.741997957
25.099609,6.026615854,4.655483723
25.199707,6.050677504,3.044980526
25.299805,6.07467955,3.954573154
25.399902,6.098621991,4.176374435
25.5,6.122683641,3.495300293
25.599609,6.146685686,4.6607728
25.699707,6.170688197,4.425678253
25.799805,6.194690242,4.267662048
25.899902,6.218692288,3.826797009
26,6.242694333,3.510992765
26.099609,6.266696379,4.555690289
26.199707,6.290638819,4.405470848
26.299805,6.314700469,3.902817011
26.399902,6.33870298,4.212961197
26.5,6.362645421,3.669194698
26.599609,6.386647467,4.300192356
26.699707,6.410649512,4.10393095
26.799805,6.434651557,4.727174759
26.899902,6.458594464,3.183563948
27,6.482596509,4.223124981
27.099609,6.50653895,4.660271168
27.199707,6.530660205,4.864984035
27.299805,6.554602645,4.832988262
27.399902,6.578664295,5.275150776
27.5,6.602606736,4.896205425
27.599609,6.626668852,5.407278538
27.699707,6.650551688,4.93927002
27.799805,6.674613338,4.921462059
27.899902,6.698674988,5.140340328
28,6.722736638,5.059085846
28.099609,6.746619474,5.640355587
28.199707,6.770681124,5.597726822
28.299805,6.794624031,6.126280785
28.399902,6.818626076,5.398041725
28.5,6.842628121,5.578359127
28.599609,6.866630167,4.629954815
28.699707,6.890632212,5.062717438
28.799805,6.914634258,5.876213551
28.899902,6.938636769,5.106414318
29,6.962638814,5.70169735
29.099609,6.986581255,5.657683849
29.199707,7.010642905,6.257415771
29.299805,7.034585346,5.74815321
29.399902,7.058646996,5.797543049
29.5,7.082649041,6.0262146
29.599609,7.106651552,4.719999313
29.699707,7.130653597,6.129290581
29.799805,7.154655643,6.574528694
29.899902,7.178717293,6.701290607
30,7.202659734,6.591966152
30.099609,7.226661779,6.323174477
30.199707,7.250723429,5.806943417
30.299805,7.274666335,5.806463718
30.399902,7.298608776,6.660418034
30.5,7.322670426,6.898980618
30.599609,7.346672472,6.26335907
30.699707,7.370674517,7.173933506
30.799805,7.394676562,6.480798244
30.899902,7.418679073,6.246685028
31,7.442681119,6.107414722
31.099609,7.46662356,6.688651562
31.199707,7.490625605,6.634005547
31.299805,7.51462765,6.820626259
31.399902,7.5386893,6.713799
31.5,7.562632207,6.702948093
31.599609,7.586634252,7.244304657
31.699707,7.610636298,7.300226688
31.799805,7.634697948,7.184511662
31.899902,7.658699993,6.773079872
32,7.682642434,6.751727104
32.099609,7.706704084,7.718125343
32.199707,7.730706595,8.038629532
32.299805,7.754649036,7.65015316
32.399902,7.778651081,8.030777931
32.5,7.802593522,7.78635931
32.599609,7.826655172,7.768834591
32.699707,7.850597613,7.141534328
32.799805,7.874540053,7.535332203
32.899902,7.898601703,6.89556694
33,7.922663353,6.80491209
33.099609,7.946606725,6.799546719
33.199707,7.970549166,7.06537199
33.299805,7.994610816,7.534994125
33.399902,8.018612862,8.157921791
33.5,8.042614907,7.626903057
33.599609,8.066616952,7.191392899
33.699707,8.090678602,7.468188763
33.799805,8.114680648,7.952216625
33.899902,8.138623089,7.889446259
34,8.162625134,7.74061203
34.099609,8.186686784,8.252153397
34.199707,8.210688829,7.4419837
34.299805,8.234690875,7.98429966
34.399902,8.258634247,8.583498001
34.5,8.282695897,7.77729702
34.599609,8.306638338,7.643610001
34.699707,8.330640383,8.929116249
34.799805,8.354582824,8.368981361
34.899902,8.378644474,7.789750576
35,8.402646519,7.772149563
35.099609,8.426648565,9.304572105
35.199707,8.450591005,9.351355553
35.299805,8.474652655,8.940643311
35.399902,8.498654701,8.901765823
35.5,8.522597142,8.803739548
35.599609,8.546600118,9.575174332
35.699707,8.570661768,9.392162323
35.799805,8.594663814,9.428182602
35.899902,8.618665859,9.54931736
36,8.642667904,9.450832367
36.099609,8.66666995,9.725578308
36.199707,8.690671995,9.199129105
36.299805,8.714674041,9.667224884
36.399902,8.738676086,9.649307251
36.5,8.762678131,10.4834795
36.599609,8.786620572,10.25502682
36.699707,8.810622618,9.865481377
36.799805,8.834684268,10.29469967
36.899902,8.858686313,10.26539707
37,8.88268929,10.43416691
37.099609,8.90663173,11.220541
37.199707,8.930633776,10.28901768
37.299805,8.954635821,10.60051441
37.399902,8.978637867,10.16681385
37.5,9.002639912,10.41310883
37.599609,9.026641957,10.76739693
37.699707,9.050703607,11.38121891
37.799805,9.074586444,11.02798843
37.899902,9.098707698,10.72866154
38,9.122650139,11.67669582
38.099609,9.146711789,11.45851517
38.199707,9.170655161,10.73301315
38.299805,9.194657207,11.24551392
38.399902,9.218718857,11.09148884
38.5,9.242720902,11.27034569
38.599609,9.266663343,11.30397701
38.699707,9.290665388,11.63815594
38.799805,9.314607829,11.33250523
38.899902,9.338669479,11.27372646
39,9.36261192,11.74338055
39.099609,9.386613965,11.5854845
39.199707,9.41061601,10.71018791
39.299805,9.434618056,11.10595989
39.399902,9.458620101,11.22430325
39.5,9.482623078,11.55791569
39.599609,9.506625123,11.95355701
39.699707,9.530627169,11.20309258
39.799805,9.554629214,12.01555347
39.899902,9.57863126,10.99946022
40,9.60269291,11.45008469
40.099609,9.626694955,10.87277412
40.199707,9.650697,10.99867439
40.299805,9.674639441,11.03422546
40.399902,9.698701091,11.57144928
40.5,9.722643532,11.69610691
40.599609,9.746705182,12.50888252
40.699707,9.770647623,11.23905849
40.799805,9.794709273,11.00928593
40.899902,9.81859304,11.57695675
41,9.842595086,12.37520695
41.099609,9.866597131,12.28682041
41.199707,9.890658781,12.22134495
41.299805,9.914660826,12.07535744
41.399902,9.938603267,12.27582741
41.5,9.962664917,12.35501003
41.599609,9.986666963,12.41832638
41.699707,10.0106094,12.40220833
41.799805,10.03467105,12.95095825
41.899902,10.0586731,11.93264103
42,10.08273475,12.16387463
42.099609,10.10667812,12.78041172
42.199707,10.13068017,11.84972858
42.299805,10.15468221,12.7299757
42.399902,10.17868426,13.21922684
42.5,10.2026267,12.30172729
42.599609,10.22668835,12.97549534
42.699707,10.25069039,13.5519886
42.799805,10.27463283,12.76628971
42.899902,10.29857527,13.36903191
43,10.32263692,12.99576759
43.099609,10.34657937,13.09333706
43.199707,10.37064102,13.01390362
43.299805,10.39458439,13.66048431
43.399902,10.41864604,13.20243263
43.5,10.44258848,13.57012367
43.599609,10.46665013,13.93456459
43.699707,10.49053296,13.62618732
43.799805,10.51459461,13.65315628
43.899902,10.53865626,13.66238213
44,10.56265831,14.76147461
44.099609,10.58666036,13.6256094
44.199707,10.6106624,14.02941799
44.299805,10.63472405,14.26049995
44.399902,10.65866649,13.84814072
44.5,10.68260893,14.82579327
44.599609,10.70667058,14.28022766
44.699707,10.73067356,14.34331417
44.799805,10.7546756,15.0496664
44.899902,10.77861805,14.30233192
45,10.80262009,14.67608643
45.099609,10.82668174,14.25756645
45.199707,10.85062418,14.40992355
45.299805,10.87462623,14.682477
45.399902,10.89856867,14.2182312
45.5,10.92263032,14.38600826
45.599609,10.94663236,14.87107182
45.699707,10.97063441,15.06484604
45.799805,10.99463645,15.18394184
45.899902,11.0186981,16.02609634
46,11.04264148,15.06620979
46.099609,11.06670313,15.17037582
46.199707,11.09070517,15.93959713
46.299805,11.11476682,15.91880131
46.399902,11.13864966,15.74404526
46.5,11.16271131,15.77655315
46.599609,11.18659414,15.61482906
46.699707,11.2107154,14.3759861
46.799805,11.23459823,15.33577538
46.899902,11.25865988,16.15065575
47,11.28260233,16.72159958
47.099609,11.30666398,14.95448589
47.199707,11.33054774,15.71908283
47.299805,11.35460939,15.94417763
47.399902,11.37855183,15.95826721
47.5,11.40261348,15.65259361
47.599609,11.42655592,16.36738586
47.699707,11.45061757,16.68006134
47.799805,11.47461962,16.31131172
47.899902,11.49862166,16.26259804
48,11.52256411,15.95340347
48.099609,11.54662576,17.01564789
48.199707,11.57068741,15.9662714
48.299805,11.59462985,16.36942673
48.399902,11.6186915,17.48521423
48.5,11.64269354,16.57190323
48.599609,11.66663691,17.01117516
48.699707,11.69069856,17.21957397
48.799805,11.714641,17.03516769
48.899902,11.73864305,17.38662148
49,11.7627047,17.15024948
49.099609,11.78670675,17.48180199
49.199707,11.81064919,17.90227318
49.299805,11.83465123,17.39644623
49.399902,11.85859367,18.76441765
49.5,11.88265532,18.13605881
49.599609,11.90659776,17.90867424
49.699707,11.93065941,17.69803047
49.799805,11.95460279,17.73242569
49.899902,11.97860483,19.05997086
50,12.00254727,18.15600586
50.099609,12.02660892,18.37551689
50.199707,12.05061097,18.71659851
50.299805,12.07461301,18.42451286
50.399902,12.09867466,19.12896729
50.5,12.12267671,19.41842461
50.599609,12.14667875,19.45622253
50.699707,12.1706808,19.92250824
50.799805,12.19462324,18.6339798
50.899902,12.21862528,19.72863388
51,12.24268693,19.51239586
51.099609,12.26663031,19.75861359
51.199707,12.29063235,19.26946068
51.299805,12.3146344,20.29500771
51.399902,12.33863644,19.61214447
51.5,12.36257888,19.66382599
51.599609,12.38664053,20.52910995
51.699707,12.41058297,20.57640648
51.799805,12.43470423,20.81755257
51.899902,12.45858707,21.56728554
52,12.48258911,21.09703255
52.099609,12.50665076,20.93227577
52.199707,12.53065281,21.70456123
52.299805,12.55459618,21.49628258
52.399902,12.5787165,21.51518059
52.5,12.60265987,22.06976509
52.599609,12.62672152,21.86434364
52.699707,12.65066396,21.4948101
52.799805,12.67472561,21.39733887
52.899902,12.69866806,22.58823204
53,12.7226701,22.68898582
53.099609,12.74661254,21.3874588
53.199707,12.77067419,22.73744774
53.299805,12.79467624,21.93795395
53.399902,12.81861868,23.26110458
53.5,12.84256112,23.46593857
53.599609,12.8666237,22.5139122
53.699707,12.89062575,22.32798004
53.799805,12.91456819,23.43600273
53.899902,12.93857023,24.00987816
54,12.96263188,23.46815109
54.099609,12.98663393,23.53214264
54.199707,13.01063597,23.88287735
54.299805,13.03457841,24.43063545
54.399902,13.05858046,23.92518997
54.5,13.08270171,24.67486763
54.599609,13.10670376,24.03218079
54.699707,13.1306462,24.19451523
54.799805,13.15470785,24.33739471
54.899902,13.17865029,24.39838791
55,13.20265327,24.8226223
55.099609,13.22665531,24.69218636
55.199707,13.25065736,23.98327065
55.299805,13.2746594,25.46865845
55.399902,13.29860184,25.735672
55.5,13.32266349,25.6077652
55.599609,13.34666554,25.4226265
55.699707,13.37060798,25.11348724
55.799805,13.39461002,25.48536491
55.899902,13.41855247,25.63704491
56,13.44261412,25.20794678
56.099609,13.46661616,25.73076439
56.199707,13.49067781,25.34620285
56.299805,13.51468079,25.86260986
56.399902,13.53862323,24.95864296
56.5,13.56268488,25.87340546
56.599609,13.58668692,26.24990845
56.699707,13.61068897,26.46988678
56.799805,13.63469101,25.7868824
56.899902,13.65869306,26.54886246
57,13.68269511,27.05590057
57.099609,13.70663755,27.28373337
57.199707,13.73063959,26.63312721
57.299805,13.75470124,27.04584694
57.399902,13.77858408,27.29582596
57.5,13.80264666,27.90156746
57.599609,13.8265891,28.10637856
57.699707,13.85065075,27.68846893
57.799805,13.87459319,27.89221001
57.899902,13.89859524,26.96143913
58,13.92259728,27.67590523
58.099609,13.94665893,27.33351517
58.199707,13.97060137,28.05305099
58.299805,13.99466302,28.37722015
58.399902,14.01860546,28.40572548
58.5,14.04266711,27.0253334
58.599609,14.06660955,28.16341209
58.699707,14.0906712,28.50084114
58.799805,14.11467418,28.10909271
58.899902,14.13861662,28.85471535
59,14.16261867,29.01890373
59.099609,14.18662071,28.42145157
59.199707,14.21062276,28.55360031
59.299805,14.2346248,28.8877697
59.399902,14.25862685,29.39870071
59.5,14.28262889,29.45296478
59.599609,14.30663094,29.26680183
59.699707,14.33063298,29.68294525
59.799805,14.35463503,29.25106621
59.899902,14.37863708,29.79844093
60,14.40263912,29.92769051
60.099609,14.4266421,29.40018272
60.199707,14.45064414,29.777668
60.299805,14.47464619,29.62704468
60.399902,14.49864823,29.77152824
60.5,14.52265028,30.61061859
60.599609,14.54665232,30.66739082
60.699707,14.57071397,30.41988564
60.799805,14.59471602,30.40130424
60.899902,14.61871807,30.42248154
61,14.64266051,31.32892227
61.099609,14.66666255,30.84008598
61.199707,14.6906646,31.3309288
61.299805,14.71460797,30.94962883
61.399902,14.73866962,30.60506821
61.5,14.76267166,31.29660988
61.599609,14.78661411,30.58548164
61.699707,14.81061615,32.02613831
61.799805,14.8346182,31.29841995
61.899902,14.85862024,31.56894684
62,14.88262229,31.34326363
62.099609,14.90662433,30.9227581
62.199707,14.93062638,31.39169312
62.299805,14.95462842,31.84001732
62.399902,14.97869007,31.78842545
62.5,15.00263251,31.39085388
62.599609,15.02669416,31.71162987
62.699707,15.05069714,32.26979065
62.799805,15.07463958,31.19397163
62.899902,15.09864163,31.54602432
63,15.12264367,32.42230225
63.099609,15.14670532,31.94504547
63.199707,15.17064776,32.78609848
63.299805,15.19464981,32.39793777
63.399902,15.21865185,32.24789429
63.5,15.2426539,32.14824295
63.599609,15.26659634,32.90607834
63.699707,15.29059839,33.27374649
63.799805,15.31460043,33.15871811
63.899902,15.33866208,33.9405899
64,15.36260545,33.66509247
64.099609,15.38654789,33.18062592
64.199707,15.41060954,34.17751694
64.299805,15.43455198,33.27398682
64.399902,15.45855403,33.18532944
64.5,15.48261568,33.56592941
64.599609,15.50673693,34.17156219
64.699707,15.53061977,34.03357697
64.799805,15.55462182,33.56322479
64.899902,15.57856426,33.0830574
65,15.60262591,33.39923477
65.099609,15.62662795,33.89618301
65.199707,15.65063,34.00328445
65.299805,15.67463204,34.09922791
65.399902,15.69863409,34.17999268
65.5,15.72263613,34.38277435
65.599609,15.74663818,34.60618973
65.699707,15.77058062,34.28494263
65.799805,15.79464227,34.53565598
65.899902,15.81858657,34.16760254
66,15.84258862,34.13356781
66.099609,15.86659066,34.75296402
66.199707,15.89065231,35.29328156
66.299805,15.91459475,33.47916794
66.399902,15.9385968,35.26219177
66.5,15.96259885,34.67932129
66.599609,15.9866605,35.32960892
66.699707,16.01066254,35.84722519
66.799805,16.03466459,35.02637863
66.899902,16.05866663,35.24792862
67,16.08272828,35.11054611
67.099609,16.10667072,34.2284317
67.199707,16.13067277,34.8190918
67.299805,16.15467481,34.92303085
67.399902,16.17867686,35.10770035
67.5,16.2026789,34.94773102
67.599609,16.22662134,34.42971039
67.699707,16.25062339,35.27461243
67.799805,16.27462544,34.54709244
67.899902,16.29862748,33.90474319
68,16.32262953,33.56514359
68.099609,16.34663157,34.82107544
68.199707,16.37063362,34.69273376
68.299805,16.39457606,34.56971359
68.399902,16.41863957,35.04420853
68.5,16.44264162,34.85026932
68.599609,16.46664366,35.27890015
68.699707,16.49064571,34.20804977
68.799805,16.51470736,33.90715408
68.899902,16.5386498,34.98155975
69,16.56271145,34.58356094
69.099609,16.58665389,34.739048
69.199707,16.61065593,34.4672699
69.299805,16.63465798,33.96056747
69.399902,16.65866002,33.80747986
69.5,16.68266207,34.3252182
69.599609,16.70666412,33.90255356
69.699707,16.73060656,33.63860321
69.799805,16.7546086,34.0228157
69.899902,16.77855104,33.6398468
70,16.80261269,34.77008438
70.099609,16.82661474,34.76531982
70.199707,16.85061678,34.4341507
70.299805,16.87455922,34.10842133
70.399902,16.89862087,33.40504456
70.5,16.92262292,34.21637344
70.599609,16.94662496,34.14584732
70.699707,16.97068661,33.42617035
70.799805,16.99462906,34.40762711
70.899902,17.01869071,33.88061142
71,17.04263501,33.50546265
71.099609,17.06669666,33.7389946
71.199707,17.0906987,33.93653488
71.299805,17.11470075,33.01617813
71.399902,17.13864319,34.68231964
71.5,17.16264524,33.92248917
71.599609,17.18664728,34.44220734
71.699707,17.21070893,33.9269371
71.799805,17.23465137,33.53205872
71.899902,17.25865342,33.65578842
72,17.28259586,33.22360611
72.099609,17.3065979,33.3304863
72.199707,17.33059995,34.10595703
72.299805,17.3546616,34.31627274
72.399902,17.37866364,33.13298416
72.5,17.40260608,33.42774963
72.599609,17.42660813,34.55068207
72.699707,17.45061018,33.63998795
72.799805,17.47467183,34.67554855
72.899902,17.49873348,34.22620773
73,17.52261631,35.35179138
73.099609,17.54667796,34.11671066
73.199707,17.57068001,33.94889832
73.299805,17.59468205,34.39843369
73.399902,17.6186841,33.21482468
73.5,17.64262654,34.50233841
73.599609,17.66669005,34.16046143
73.699707,17.6906921,34.45566559
73.799805,17.71463454,33.83093643
73.899902,17.73863658,34.01165009
74,17.76263863,34.12364578
74.099609,17.78658107,34.0583992
74.199707,17.81058311,34.1115303
74.299805,17.83464476,33.90755844
74.399902,17.85864681,34.34140015
74.5,17.88270846,34.16594696
74.599609,17.9065913,33.98483276
74.699707,17.93065295,33.61142731
74.799805,17.95465499,34.63410568
74.899902,17.97865704,34.2095871
75,18.00271869,34.92652893
75.099609,18.02672073,34.57807541
75.199707,18.05066317,34.90184021
75.299805,18.07472482,34.84542847
75.399902,18.09860766,34.91578674
75.5,18.12266931,36.49981308
75.599609,18.14667135,35.22599792
75.699707,18.1706138,35.47211838
75.799805,18.19467545,35.5078125
75.899902,18.21861789,34.87294388
76,18.24261993,34.89308548
76.099609,18.26656424,35.32964325
76.199707,18.29056628,34.83867645
76.299805,18.31456833,35.40977478
76.399902,18.33857037,35.70439911
76.5,18.36257242,35.16560364
76.599609,18.38657446,34.31897736
76.699707,18.41057651,36.37717438
76.799805,18.43469776,36.4401207
76.899902,18.4585806,34.61635208
77,18.48264225,34.78532791
77.099609,18.50664429,35.06439209
77.199707,18.53070594,34.92572403
77.299805,18.55470799,35.78131485
77.399902,18.57865043,35.89361572
77.5,18.60265248,35.62981796
77.599609,18.62671413,34.89177704
77.699707,18.65059696,34.49351883
77.799805,18.67465861,35.74365616
77.899902,18.69866066,35.47632599
78,18.7226627,35.93597031
78.099609,18.74660514,35.16099167
78.199707,18.77060719,35.98851395
78.299805,18.79460923,34.82301712
78.399902,18.81867088,36.06106567
78.5,18.84255372,35.49699402
78.599609,18.86661537,36.16706467
78.699707,18.89061928,35.31613159
78.799805,18.91456172,35.78952408
78.899902,18.93856376,35.0249176
79,18.96262541,36.51103592
79.099609,18.98662746,35.44876862
79.199707,19.01068911,35.90754318
79.299805,19.03463155,35.21550751
79.399902,19.0586932,35.89323425
79.5,19.08263564,35.10733795
79.599609,19.10663769,35.21479797
79.699707,19.13063973,36.57594299
79.799805,19.15464178,35.4108429
79.899902,19.17864382,36.16500092
80,19.20264587,36.71910858
80.099609,19.22658831,36.09042358
80.199707,19.25064996,35.81625366
80.299805,19.2745924,36.3597908
80.399902,19.29859444,36.28463364
80.5,19.3226561,37.15814972
80.599609,19.34665814,37.08302307
80.699707,19.37066019,37.19397354
80.799805,19.39466223,36.69833374
80.899902,19.41866428,37.0136795
81,19.44266632,37.80688095
81.099609,19.46666837,37.25797653
81.199707,19.49061081,38.14719772
81.299805,19.51467432,37.72611618
81.399902,19.53873597,37.6116333
81.5,19.56267841,38.18277359
81.599609,19.58668046,38.10343552
81.699707,19.6106825,38.34907532
81.799805,19.63462494,39.16577911
81.899902,19.65862699,37.75353241
82,19.68256943,37.94746017
82.099609,19.70663108,38.35246658
82.199707,19.73063312,38.33276367
82.299805,19.75457557,39.14888763
82.399902,19.77857761,39.18572235
82.5,19.80257966,37.67805862
82.599609,19.8265817,38.6006813
82.699707,19.85064335,38.40296936
82.799805,19.87458579,38.87107468
82.899902,19.89870705,38.90837097
83,19.92264949,38.43252182
83.099609,19.94665153,38.7060051
83.199707,19.97059397,38.32572937
83.299805,19.99465562,39.08949661
83.399902,20.01865767,38.76817322
83.5,20.04265971,38.19424438
83.599609,20.06666176,37.41078186
83.699707,20.09066381,37.68128586
83.799805,20.11460811,38.61177063
83.899902,20.13861015,38.92147064
84,20.1626122,39.32722855
84.099609,20.18667385,37.80432892
84.199707,20.2106759,38.16270447
84.299805,20.23461834,38.68863297
84.399902,20.25856078,38.004776
84.5,20.28256282,38.65552521
84.599609,20.30662447,38.68729019
84.699707,20.33056691,38.02610779
84.799805,20.35456896,38.76076889
84.899902,20.37863061,39.21986771
85,20.40263265,38.97174072
85.099609,20.4266943,38.7482605
85.199707,20.45057714,38.46009064
85.299805,20.47469839,39.05197144
85.399902,20.49864084,38.32630539
85.5,20.52270249,39.26152802
85.599609,20.54670453,38.22473526
85.699707,20.57064697,39.38933563
85.799805,20.59464902,38.36169434
85.899902,20.61859146,38.1909523
86,20.64265311,37.80419922
86.099609,20.66665515,38.86876297
86.199707,20.6906572,38.50265503
86.299805,20.71465924,38.54743195
86.399902,20.73860355,39.05862427
86.5,20.7626652,39.07993317
86.599609,20.78666724,39.03547287
86.699707,20.81060968,39.39201736
86.799805,20.83455212,39.20620346
86.899902,20.85861377,40.3666153
87,20.88267542,39.62574768
87.099609,20.90661786,39.01178741
87.199707,20.93061991,40.06312561
87.299805,20.95468156,39.64256668
87.399902,20.978624,40.03032303
87.5,21.00268565,39.33983612
87.599609,21.0266877,39.71497726
87.699707,21.05068974,40.09341812
87.799805,21.07463218,39.10699844
87.899902,21.09863423,39.71369934
88,21.12263627,40.00004959
88.099609,21.14663832,39.91463852
88.199707,21.17064036,40.36182022
88.299805,21.19458281,39.96659088
88.399902,21.21864446,39.30072021
88.5,21.2425869,40.21718216
88.599609,21.26658894,40.75497437
88.699707,21.29059099,40.92459106
88.799805,21.31459303,40.41767502
88.899902,21.33865468,40.52645493
89,21.36265859,41.17766953
89.099609,21.38666064,40.53976822
89.199707,21.41072229,41.27973175
89.299805,21.43460512,41.90078354
89.399902,21.45866677,40.65501785
89.5,21.48266882,41.51364899
89.599609,21.50667086,41.59101105
89.699707,21.53067291,40.95810318
89.799805,21.55467495,41.19674301
89.899902,21.57861739,41.16507339
90,21.60273865,40.53364182
90.099609,21.62662148,41.56134796
90.199707,21.65062353,40.53010941
90.299805,21.67462558,41.07093048
90.399902,21.69862762,41.19297028
90.5,21.72257006,41.54205704
90.599609,21.74663171,42.03063202
90.699707,21.77057415,41.92435074
90.799805,21.7945762,41.74932098
90.899902,21.81857824,41.68011856
91,21.84258029,42.11046982
91.099609,21.86664194,41.18300247
91.199707,21.89064398,41.67618942
91.299805,21.91464603,42.400177
91.399902,21.93864807,41.83301926
91.5,21.96265012,41.59771729
91.599609,21.98671177,41.6353302
91.699707,22.01059647,41.55994034
91.799805,22.03459851,41.71193695
91.899902,22.05866016,42.10619354
92,22.08272181,42.33034134
92.099609,22.10666426,41.3754921
92.199707,22.1306067,42.10314178
92.299805,22.15466835,43.18267059
92.399902,22.17867039,41.86167908
92.5,22.20255323,43.10407639
92.599609,22.22667448,42.33671951
92.699707,22.25061692,41.91690063
92.799805,22.27467857,43.75947952
92.899902,22.29856141,42.49210739
93,22.32262306,43.50521469
93.099609,22.3466251,43.66143036
93.199707,22.37068675,42.97590637
93.299805,22.3946292,43.09156799
93.399902,22.41863124,43.47710037
93.5,22.44269289,43.32993317
93.599609,22.46669494,43.51118851
93.699707,22.49057777,43.6065979
93.799805,22.51469903,42.42975235
93.899902,22.53870107,43.8170929
94,22.56270312,43.57426453
94.099609,22.58664556,42.85107422
94.199707,22.61064947,43.82382965
94.299805,22.63465151,44.0449791
94.399902,22.65865356,43.02155685
94.5,22.682596,44.38249207
94.599609,22.70659804,44.5234108
94.699707,22.73060009,44.27198029
94.799805,22.75460213,44.67993164
94.899902,22.77860418,43.91201019
95,22.80260623,43.84512711
95.099609,22.82666788,44.20106506
95.199707,22.85061032,44.49250412
95.299805,22.87467197,44.58773041
95.399902,22.89867401,43.38977051
95.5,22.92273566,44.61035919
95.599609,22.9466781,44.47850418
95.699707,22.97062054,44.60426331
95.799805,22.99468219,44.37168503
95.899902,23.01868424,45.2115097
96,23.04268628,44.90270615
96.099609,23.06668833,45.06676483
96.199707,23.09063077,45.07168198
96.299805,23.11469242,44.63058853
96.399902,23.13863486,45.61718369
96.5,23.1625773,45.5290451
96.599609,23.18663895,44.60089111
96.699707,23.21064286,44.21554565
96.799805,23.2346449,44.90943527
96.899902,23.25858735,45.17829132
97,23.28258939,45.31779099
97.099609,23.30665104,45.49433517
97.199707,23.33059348,45.10551834
97.299805,23.35465513,45.20966339
97.399902,23.37865718,45.15880203
97.5,23.40265922,44.69876862
97.599609,23.42666127,45.28024292
97.699707,23.45072292,46.01371765
97.799805,23.47466536,45.4495697
97.899902,23.49872701,46.5138855
98,23.52266945,45.0176239
98.099609,23.54667149,45.33394241
98.199707,23.57067354,45.40529251
98.299805,23.59467559,45.45431137
98.399902,23.61867763,45.37557602
98.5,23.64267968,45.87542725
98.599609,23.66656251,46.24343491
98.699707,23.69062416,46.10491562
98.799805,23.7145666,46.64768219
98.899902,23.73862825,46.68206406
99,23.7626303,46.50184631
99.099609,23.78657274,47.18555832
99.199707,23.81063439,46.70613098
99.299805,23.8346383,46.40278244
99.399902,23.85858074,46.61126709
99.5,23.88264239,46.87719345
99.599609,23.90664443,46.20772171
99.699707,23.93070608,46.92842484
99.799805,23.95464852,47.03833771
99.899902,23.97871017,46.44139862
100,24.00265262,46.95481491
100.099609,24.02665466,47.01293945
100.199707,24.05065671,47.48600769
100.299805,24.07465875,47.87399292
100.399902,24.0986608,45.79995346
100.5,24.12260324,46.93323517
100.599609,24.14660528,46.48727417
100.699707,24.17054772,47.16265869
100.799805,24.19454977,47.24045563
100.899902,24.21855181,47.08444595
101,24.24261346,47.05687714
101.099609,24.26655591,47.63081741
101.199707,24.29061756,47.43419647
101.299805,24.31456,48.43582916
101.399902,24.33862165,48.4844017
101.5,24.36256409,47.50560379
101.599609,24.38668534,48.00104904
101.699707,24.41062778,47.48195267
101.799805,24.43462983,47.61339188
101.899902,24.45863374,47.94379807
102,24.48263578,48.82303238
102.099609,24.50663783,48.71999741
102.199707,24.53069948,47.98341751
102.299805,24.55458231,48.96237564
102.399902,24.57864396,48.37355042
102.5,24.6025864,48.39941788
102.599609,24.62664805,48.67815399
102.699707,24.65059049,49.0134697
102.799805,24.67459254,48.83638763
102.899902,24.69859459,48.99868011
103,24.72259663,49.36166
103.099609,24.74653907,49.28679657
103.199707,24.77060072,49.11333847
103.299805,24.79466237,48.3743782
103.399902,24.81860481,49.07640076
103.5,24.84254725,48.18255615
103.599609,24.86666851,48.20500946
103.699707,24.89067055,47.99144363
103.799805,24.9147322,48.69457626
103.899902,24.93867464,48.89619446
104,24.96267669,49.46337509
104.099609,24.98667873,49.17166901
104.199707,25.01068078,50.21763229
104.299805,25.03462322,49.82959366
104.399902,25.05862713,49.87145615
104.5,25.08262917,50.39415359
104.599609,25.10663122,50.01877594
104.699707,25.13057366,50.35823441
104.799805,25.15463531,50.10205841
104.899902,25.17863736,49.73147964
105,25.2025798,50.7021637
105.099609,25.22664145,49.90047455
105.199707,25.25064349,49.95611572
105.299805,25.27464554,50.26068497
105.399902,25.29864758,50.00822067
105.5,25.32259002,49.86809921
105.599609,25.34665167,50.5030098
105.699707,25.37065372,51.10989761
105.799805,25.39465576,50.12567902
105.899902,25.41865781,51.63171005
106,25.44265985,50.91474915
106.099609,25.4666619,49.99357605
106.199707,25.49066395,50.7888031
106.299805,25.51460639,48.73282242
106.399902,25.53866804,49.65804291
106.5,25.56267008,50.24733734
106.599609,25.58655292,49.49602509
106.699707,25.61061457,50.33836365
106.799805,25.63461661,49.35078812
106.899902,25.65861866,49.28517151
107,25.68256296,49.47335052
107.099609,25.70662461,50.03488159
107.199707,25.73056705,50.12594223
107.299805,25.7546287,49.95843887
107.399902,25.77857114,49.98139191
107.5,25.80263279,49.6689682
107.599609,25.82663484,50.79879379
107.699707,25.85063688,49.83161926
107.799805,25.87457933,48.97594452
107.899902,25.89870058,50.03209305
108,25.92264302,49.9315567
108.099609,25.94670467,49.65861893
108.199707,25.97064711,50.09300613
108.299805,25.99470876,49.43927383
108.399902,26.0186512,49.74624252
108.5,26.04265325,50.31554031
108.599609,26.06659569,50.33156967
108.699707,26.09065734,49.29323959
108.799805,26.11459978,50.34525681
108.899902,26.13860182,49.45362473
109,26.16260387,49.97743607
109.099609,26.18660592,50.74781036
109.199707,26.21060796,50.31494141
109.299805,26.23466961,50.63437653
109.399902,26.25861205,50.79325485
109.5,26.2826737,52.08597946
109.599609,26.30661801,50.54742813
109.699707,26.33062005,49.64610291
109.799805,26.3546221,50.5650177
109.899902,26.37862414,49.78816223
110,26.40268579,50.85891342
110.099609,26.42662823,50.92011261
110.199707,26.45068988,50.8153801
110.299805,26.47469193,50.50100327
110.399902,26.49863437,50.58612061
110.5,26.52263641,51.26081467
110.599609,26.54663846,50.85370255
110.699707,26.5706405,52.00479126
110.799805,26.59470215,51.27493668
110.899902,26.61858499,50.31916046
111,26.64264664,51.01997375
111.099609,26.66664869,50.6518364
111.199707,26.69059113,50.51998138
111.299805,26.71459317,51.11452103
111.399902,26.73859522,51.2641716
111.5,26.76265687,51.23389053
111.599609,26.78659931,51.64767838
111.699707,26.81066096,51.63747025
111.799805,26.834663,51.36087036
111.899902,26.85866505,51.16385651
112,26.88260749,52.73518753
112.099609,26.90666914,51.86171341
112.199707,26.93067305,52.57725906
112.299805,26.95467509,52.2281189
112.399902,26.97861753,52.09643555
112.5,27.00261958,51.58135223
112.599609,27.02668123,51.79857254
112.699707,27.05068327,51.37246323
112.799805,27.07462572,52.27766037
112.899902,27.09862776,52.90106583
113,27.12262981,51.88725281
113.099609,27.14663185,51.65335846
113.199707,27.17057429,51.48060989
113.299805,27.19457634,51.97554016
113.399902,27.21863799,52.85090256
113.5,27.24258043,52.32437897
113.599609,27.26658247,52.72720718
113.699707,27.29052491,52.33113861
113.799805,27.31464617,52.35554504
113.899902,27.33864821,52.04608917
114,27.36265026,53.05632401
114.099609,27.3865927,52.5406723
114.199707,27.41065435,52.71142578
114.299805,27.4346564,52.19036484
114.399902,27.45865844,52.62483978
114.5,27.48260088,52.88224411
114.599609,27.50672214,53.08565903
114.699707,27.53060684,52.95185089
114.799805,27.55460888,52.89968109
114.899902,27.57861093,52.55092239
115,27.60267258,52.39068222
115.099609,27.62661502,52.33940506
115.199707,27.65061706,52.01263046
115.299805,27.6745595,53.15626144
115.399902,27.69862115,52.03263092
115.5,27.7226232,52.66059494
115.599609,27.74662524,52.44230652
115.699707,27.77062729,52.31946945
115.799805,27.79468894,52.12993622
115.899902,27.81863138,51.80844116
116,27.84263343,51.46492767
116.099609,27.86663547,51.61752319
116.199707,27.89063752,51.79454803
116.299805,27.91469917,52.05450821
116.399902,27.93864161,51.19710541
116.5,27.96264365,51.37537384
116.599609,27.9867053,52.29847717
116.699707,28.01064774,51.55693436
116.799805,28.03459018,51.92050171
116.899902,28.05859223,51.06983185
117,28.08259428,52.18026352
117.099609,28.10659632,50.92579651
117.199707,28.13059837,52.00737381
117.299805,28.15460227,51.32627869
117.399902,28.17860432,51.52859116
117.5,28.20260637,51.60270309
117.599609,28.22660841,51.32971191
117.699707,28.25061046,51.51644516
117.799805,28.27467211,51.21743393
117.899902,28.29861455,51.02496719
118,28.3226762,51.52295303
118.099609,28.34667824,51.32138062
118.199707,28.37073989,52.29800797
118.299805,28.39462273,51.75891113
118.399902,28.41868438,51.98063278
118.5,28.44268642,52.57036591
118.599609,28.46674807,52.01067734
118.699707,28.49069051,51.91960907
118.799805,28.51463296,51.57646561
118.899902,28.538635,52.41571808
119,28.56263705,52.00944519
119.099609,28.58657949,52.16194534
119.199707,28.61058153,50.91937256
119.299805,28.63464318,52.13979721
119.399902,28.65858562,51.33295059
119.5,28.68264727,51.81435013
119.599609,28.70658971,51.67887497
119.699707,28.73065136,52.43416214
119.799805,28.75465341,52.15914154
119.899902,28.77865732,51.75848389
120,28.80265936,51.65491867
120.099609,28.82666141,52.12771225
120.199707,28.85060385,51.65894318
120.299805,28.8746655,52.06397247
120.399902,28.89866754,52.01500702
120.5,28.92272919,51.2439537
120.599609,28.94667163,51.85673141
120.699707,28.97067368,51.02534866
120.799805,28.99467573,51.31157684
120.899902,29.01867777,51.26419449
121,29.04262021,51.54256058
121.099609,29.06656265,50.70642471
121.199707,29.0905647,51.02841187
121.299805,29.11462635,50.90267563
121.399902,29.13856879,51.11780167
121.5,29.16263044,51.26632309
121.599609,29.18657288,51.94696045
121.699707,29.21063453,51.65057755
121.799805,29.23457697,51.73862457
121.899902,29.25863862,51.72360992
122,29.28264067,51.2025032
122.099609,29.30664271,51.58209229
122.199707,29.33064476,52.36226273
122.299805,29.3546468,51.53952026
122.399902,29.37864885,52.34661484
122.5,29.40265276,52.65702057
122.599609,29.4265952,53.18293381
122.699707,29.45065685,52.60387802
122.799805,29.47465889,52.54554749
122.899902,29.49872054,52.21112823
123,29.52266298,52.78011703
123.099609,29.54660542,53.17534256
123.199707,29.57066707,52.17324066
123.299805,29.59460951,52.36758423
123.399902,29.61861156,52.5290451
123.5,29.6426136,52.223526
123.599609,29.66667525,51.1952095
123.699707,29.6906177,52.04343796
123.799805,29.71456014,52.64509964
123.899902,29.73862179,52.36972046
124,29.76262383,52.03852844
124.099609,29.78662588,52.29360199
124.199707,29.81062792,51.61973572
124.299805,29.83468957,52.5698204
124.399902,29.85875122,52.93306351
124.5,29.88269366,52.88261414
124.599609,29.9066361,53.35212708
124.699707,29.93069775,52.7163887
124.799805,29.9546998,52.22173691
124.899902,29.97864224,52.48224258
125,30.00264615,51.73406601
125.099609,30.02664819,53.07787323
125.199707,30.05059063,52.60031128
125.299805,30.07459268,53.17084122
125.399902,30.09859473,52.61328888
125.5,30.12265638,52.69548035
125.599609,30.14665842,52.89194107
125.699707,30.17066047,53.19267273
125.799805,30.19466251,53.12477493
125.899902,30.21860495,52.40592575
126,30.2426666,52.11838913
126.099609,30.26660904,53.4582901
126.199707,30.29061109,53.31983948
126.299805,30.31467274,52.83175278
126.399902,30.33873439,53.63018799
126.5,30.36267683,52.98058701
126.599609,30.38667887,52.81065369
126.699707,30.41062132,52.62917709
126.799805,30.43468297,52.73173141
126.899902,30.4585658,53.25206375
127,30.48268706,52.53336334
127.099609,30.5066295,53.32988358
127.199707,30.53063154,52.11459351
127.299805,30.55457398,52.65892792
127.399902,30.57851642,52.65410614
127.5,30.60252033,52.15313339
127.599609,30.62658198,52.15731049
127.699707,30.65058403,52.12879181
127.799805,30.67458607,52.09038544
127.899902,30.69864772,52.91973877
128,30.72264977,52.60941696
128.099609,30.74659221,52.90110016
128.199707,30.77059425,52.35435486
128.299805,30.7946559,53.49752808
128.399902,30.81859834,53.29227066
128.5,30.84260039,53.24805069
128.599609,30.86666204,53.35380936
128.699707,30.89066409,53.50675201
128.799805,30.91466613,53.35188675
128.899902,30.93860857,53.36987305
129,30.96267022,52.79691315
129.099609,30.98667227,52.23144531
129.199707,31.01061471,53.04346848
129.299805,31.03467636,53.68899155
129.399902,31.0586188,53.24401474
129.5,31.08262084,52.75839615
129.599609,31.10662289,52.78648758
129.699707,31.13056533,52.18040848
129.799805,31.15462698,52.1836586
129.899902,31.17862903,51.9205246
130,31.20257147,52.23488998
130.099609,31.22657537,53.07465744
130.199707,31.25063702,53.39051437
130.299805,31.27463907,52.51066208
130.399902,31.29870072,52.20750809
130.5,31.32264316,52.63121796
130.599609,31.34670481,53.09100342
130.699707,31.37064725,52.63602829
130.799805,31.3946493,51.9486618
130.899902,31.41859174,51.77458191
131,31.44265339,52.12342834
131.099609,31.46665543,52.06649017
131.199707,31.49065748,52.04455948
131.299805,31.51465952,52.51769257
131.399902,31.53866157,52.180439
131.5,31.56260401,53.06658554
131.599609,31.58654645,52.64963531
131.699707,31.6106081,53.09941101
131.799805,31.63461015,52.52788162
131.899902,31.65861219,53.0176239
132,31.68255463,51.87438583
132.099609,31.70661628,53.23067856
132.199707,31.73061833,52.92925644
132.299805,31.75462037,52.57634354
132.399902,31.77856281,52.75996399
132.5,31.80268407,52.42774963
132.599609,31.82668611,52.1762085
132.699707,31.85068816,52.99160385
132.799805,31.8746306,52.97154617
132.899902,31.89869225,52.7703476
133,31.92263469,52.59423828
133.099609,31.94663674,52.67224121
133.199707,31.97057918,52.57450104
133.299805,31.99464083,53.03212738
133.399902,32.01864287,52.30609894
133.5,32.04264492,53.07748032
133.599609,32.06652775,53.09629059
133.699707,32.0905894,54.16692352
133.799805,32.11459145,52.87385941
133.899902,32.1386531,53.80735397
134,32.16259927,53.91968918
134.099609,32.18660131,52.38006973
134.199707,32.21066296,53.43983841
134.299805,32.2346054,53.89243698
134.399902,32.25854784,53.97885132
134.5,32.28260949,54.09742355
134.599609,32.30667114,53.96498871
134.699707,32.33061358,53.39399338
134.799805,32.35461563,52.98018265
134.899902,32.37867728,53.73924255
135,32.40267932,54.18125153
135.099609,32.42662176,53.89460754
135.199707,32.45062381,53.56884766
135.299805,32.47468546,53.40771103
135.399902,32.4986279,53.66421509
135.5,32.52262995,52.90504837
135.599609,32.54663199,53.5990448
135.699707,32.57063404,52.79393387
135.799805,32.59463608,53.24507141
135.899902,32.61857852,52.66503525
136,32.64258057,52.6869545
136.099609,32.66664222,53.25432968
136.199707,32.69064426,52.70117569
136.299805,32.71464631,52.52176285
136.399902,32.73864836,53.56996918
136.5,32.7626504,52.54140091
136.599609,32.78665245,52.86000824
136.699707,32.81059489,53.13964081
136.799805,32.83471614,52.23875046
136.899902,32.85865858,53.28243256
137,32.88266063,53.0420723
137.099609,32.90666267,53.38054657
137.199707,32.93060511,53.41741943
137.299805,32.95466676,52.90561295
137.399902,32.9786092,54.21879959
137.5,33.00261125,54.95312119
137.599609,33.0266729,53.27208328
137.699707,33.05067495,53.67456436
137.799805,33.07461739,53.94598389
137.899902,33.09855983,53.62711334
138,33.12262148,53.73444366
138.099609,33.14662352,53.2126503
138.199707,33.17062557,53.60855484
138.299805,33.19456801,54.28676987
138.399902,33.21862966,54.01238632
138.5,33.2426317,53.53185654
138.599609,33.26663375,54.69135284
138.699707,33.29057619,55.01588058
138.799805,33.31463784,53.57257843
138.899902,33.33863989,53.64776993
139,33.36264193,53.75712585
139.099609,33.3865881,53.36200714
139.199707,33.41064975,53.41904449
139.299805,33.43459219,53.76917648
139.399902,33.45865384,54.23214722
139.5,33.48259628,53.66425705
139.599609,33.50659832,53.52309036
139.699707,33.53060037,54.50854874
139.799805,33.55454281,53.54751587
139.899902,33.57860446,54.41039276
140,33.60266611,54.65778732
140.099609,33.62654895,54.21216965
140.199707,33.65055099,53.97309494
140.299805,33.67461264,54.17842865
140.399902,33.69867429,53.48396301
140.5,33.72261673,54.6099472
140.599609,33.74661878,54.43709946
140.699707,33.77062082,54.12238693
140.799805,33.79468247,53.98138046
140.899902,33.81862491,54.13581085
141,33.84268656,53.2597847
141.099609,33.86668861,53.00191879
141.199707,33.89069065,53.52023315
141.299805,33.9146331,53.25600052
141.399902,33.93863514,53.9406929
141.5,33.96269679,53.330513
141.599609,33.98663923,54.3624649
141.699707,34.01064128,54.32642365
141.799805,34.03452411,54.63292313
141.899902,34.05864537,54.49280167
142,34.08264741,54.01711655
142.099609,34.10653025,54.40708923
142.199707,34.1305919,53.9564209
142.299805,34.15459394,54.86441803
142.399902,34.17865559,54.78390503
142.5,34.20259804,54.51062012
142.599609,34.22665969,55.01461792
142.699707,34.25066173,54.03536224
142.799805,34.27466378,53.75223923
142.899902,34.29860622,55.13840103
143,34.32260826,53.93192673
143.099609,34.34666991,54.28175354
143.199707,34.37067196,54.76844406
143.299805,34.3946144,54.20798111
143.399902,34.41861644,54.06741333
143.5,34.44261849,54.53153992
143.599609,34.46662053,53.99412918
143.699707,34.49062258,53.5658493
143.799805,34.51462463,54.37330246
143.899902,34.53862667,53.80949402
144,34.56262872,55.12134552
144.099609,34.58657116,54.13385773
144.199707,34.61057693,54.54255295
144.299805,34.63463858,53.65512848
144.399902,34.65864062,54.96617508
144.5,34.68258306,54.39959717
144.599609,34.70658511,55.41832733
144.699707,34.73070636,55.09843445
144.799805,34.7546488,55.53219986
144.899902,34.77865085,55.20521927
145,34.80259329,55.57566833
145.099609,34.82671455,54.66679382
145.199707,34.85065699,55.23363876
145.299805,34.87465903,55.05694962
145.399902,34.89860147,54.70048141
145.5,34.92266312,55.15038681
145.599609,34.94666517,55.01447678
145.699707,34.97060761,55.03292847
145.799805,34.99460965,55.78214645
145.899902,35.0186713,54.93173599
146,35.04261374,54.74779892
146.099609,35.06661579,53.81562042
146.199707,35.09061784,55.07870865
146.299805,35.11467949,55.05107498
146.399902,35.13862193,54.75733948
146.5,35.16256437,55.21994019
146.599609,35.18662602,55.79150391
146.699707,35.21062806,55.06035233
146.799805,35.23463011,56.37413788
147.008789,35.2495797,51.18145752
147.108887,35.24928167,51.4475975
147.208984,35.24928167,50.12176514
147.308594,35.2496393,49.50009155
147.408691,35.24987772,49.068573
147.508789,35.24969891,49.28985977
147.608887,35.24940088,48.81700897
147.708984,35.24928167,49.17690277
147.808594,35.2495797,48.17232895
147.908691,35.24987772,48.9207077
148.008789,35.24981812,48.50733566
148.108887,35.24946049,49.05298996
148.208984,35.24928167,48.87573624
148.308594,35.24946049,47.95060349
148.408691,35.24981812,48.76845169
148.508789,35.24987772,48.65483856
148.608887,35.2495797,49.45347214
148.708984,35.24928167,48.97246552
148.808594,35.24940088,47.14409637
148.908691,35.24975851,47.61566162
149.008789,35.24987772,47.80147552
149.108887,35.2495797,48.15522766
149.208984,35.24928167,48.23315811
149.308594,35.24946049,46.93797684
149.408691,35.24987772,48.47434616
149.508789,35.24981812,47.79788589
149.608887,35.24952009,48.40044403
149.708984,35.24922207,47.00318146
149.808594,35.24952009,46.81613541
149.908691,35.24981812,47.23638916
150.008789,35.24981812,47.09321213
150.108887,35.24946049,47.08041
150.208984,35.24928167,47.42403412
150.308594,35.24946049,46.86545944
150.408691,35.24987772,47.46198273
150.508789,35.24975851,47.36954117
150.608887,35.24946049,46.52905273
150.708984,35.24928167,45.9189415
150.808594,35.24952009,46.20860291
150.908691,35.24987772,46.81682968
151.008789,35.24975851,46.60735321
151.108887,35.24934128,47.38700867
151.208984,35.24928167,46.72135544
151.308594,35.2496393,45.61996078
151.408691,35.24993733,46.85517502
151.508789,35.2495797,45.88977814
151.608887,35.24928167,46.14616013
151.708984,35.24946049,45.11169434
151.808594,35.24975851,45.40676498
151.908691,35.24981812,46.69223022
152.008789,35.24952009,46.15696716
152.108887,35.24928167,46.03227615
152.208984,35.24952009,45.21612167
152.308594,35.24987772,44.96648026
152.408691,35.24981812,46.17450333
152.508789,35.24946049,46.55078888
152.608887,35.24928167,44.98443985
152.708984,35.24946049,44.32957077
152.808594,35.24981812,45.00960922
152.908691,35.24981812,45.66784668
153.008789,35.24946049,45.55487061
153.108887,35.24928167,45.50744247
153.208984,35.2495797,44.43508911
153.308594,35.24993733,44.86211777
153.408691,35.24969891,46.02071762
153.508789,35.24940088,44.59514618
153.608887,35.24928167,44.71766663
153.708984,35.2495797,44.81611633
153.808594,35.24987772,44.41117477
153.908691,35.24975851,44.86231232
154.008789,35.24940088,45.72213364
154.108887,35.24928167,44.49748993
154.208984,35.2495797,44.62712097
154.308594,35.24993733,44.35492706
154.408691,35.24975851,45.46601486
154.508789,35.24940088,44.86509323
154.608887,35.24928167,44.01400757
154.708984,35.2496393,44.17822647
154.808594,35.24993733,44.52897263
154.908691,35.2496393,44.18857574
155.008789,35.24928167,43.96556473
155.108887,35.24934128,43.69654465
155.208984,35.24969891,43.78175735
155.308594,35.24987772,43.52952194
155.408691,35.2495797,44.66381454
155.508789,35.24928167,44.40304947
155.608887,35.24940088,43.00022507
155.708984,35.24975851,44.58449173
155.808594,35.24981812,44.33772659
155.908691,35.24952009,44.13267899
156.008789,35.24928167,43.73966599
156.108887,35.24952009,42.98794556
156.208984,35.24987772,44.09672165
156.308594,35.24975851,44.57144928
156.408691,35.24946049,44.38011551
156.508789,35.24928167,43.19895172
156.608887,35.24952009,43.15294266
156.708984,35.24987772,42.74791336
156.808594,35.24975851,43.38082886
156.908691,35.24946049,43.81436539
157.008789,35.24928167,43.15177536
157.108887,35.2496393,42.26355743
157.208984,35.24993733,42.83760834
157.308594,35.2496393,43.92313385
157.408691,35.24934128,43.15678024
157.508789,35.24940088,41.78758621
157.608887,35.24969891,42.54092026
157.708984,35.24987772,42.48822403
157.808594,35.2495797,42.90578461
157.908691,35.24928167,43.01741028
158.008789,35.24940088,42.87068176
158.108887,35.24975851,42.19655609
158.208984,35.24981812,43.36091614
158.308594,35.24946049,41.93175507
158.408691,35.24928167,42.17401505
158.508789,35.2495797,41.49539185
158.608887,35.24987772,41.33945084
158.708984,35.24969891,42.70329666
158.808594,35.24940088,42.29184341
158.908691,35.24940088,42.1972084
159.008789,35.24969891,41.26940536
159.108887,35.24987772,42.62138748
159.208984,35.2496393,42.68166351
159.308594,35.24934128,43.07489395
159.408691,35.24940088,40.92844391
159.508789,35.24975851,42.47624207
159.608887,35.24981812,42.86211014
159.708984,35.2495797,43.25763321
159.808594,35.24928167,42.30677414
159.908691,35.24952009,40.97012329
160.008789,35.24981812,41.8189621
160.108887,35.24981812,42.00614929
160.208984,35.24946049,42.05376053
160.308594,35.24928167,41.68506622
160.408691,35.2495797,41.9513092
160.508789,35.24987772,42.29574966
160.608887,35.24969891,42.38303375
160.708984,35.24940088,42.80247116
160.808594,35.24934128,41.37768173
160.908691,35.2496393,40.8826828
161.008789,35.24987772,41.93232346
161.108887,35.2496393,42.54150772
161.208984,35.24934128,41.88362885
161.308594,35.24940088,42.23285675
161.408691,35.24969891,41.21624374
161.508789,35.24981812,42.09379578
161.608887,35.2495797,41.20411682
161.708984,35.24928167,41.95576859
161.808594,35.24940088,40.87062454
161.908691,35.24975851,41.42885971
162.008789,35.24987772,40.85620499
162.108887,35.24952009,42.05307388
162.208984,35.24928167,41.15350342
162.308594,35.24952009,40.75509262
162.408691,35.24981812,41.00547791
162.508789,35.24981812,41.64358521
162.608887,35.24952009,40.97669983
162.708984,35.24928167,41.39921951
162.808594,35.24952009,39.885849
162.908691,35.24981812,41.23672104
163.008789,35.24975851,41.79545975
163.108887,35.24952009,40.74168015
163.208984,35.24928167,40.32935333
163.308594,35.24952009,40.00792313
163.408691,35.24981812,41.0806694
163.508789,35.24975851,40.39863586
163.608887,35.24946049,40.70562744
163.708984,35.24928167,40.2650795
163.808594,35.2495797,39.48018646
163.908691,35.24981812,40.85402679
164.008789,35.24981812,39.98267746
164.108887,35.24952009,40.45474243
164.208984,35.24928167,40.44307327
164.308594,35.24946049,40.60535431
164.408691,35.24975851,40.15979767
164.508789,35.24987772,40.56679153
164.608887,35.2495797,41.58756256
164.708984,35.24928167,39.3792038
164.808594,35.24946049,39.87821579
164.908691,35.24981812,39.7580719
165.008789,35.24981812,40.27332306
165.108887,35.2495797,40.46997833
165.208984,35.24928167,39.2855835
165.308594,35.24946049,39.78883743
165.408691,35.24981812,39.49555206
165.508789,35.24981812,40.57756805
165.608887,35.24946049,40.58727264
165.708984,35.24934128,39.78928375
165.808594,35.2496393,39.4162941
165.908691,35.24987772,40.17430496
166.008789,35.2496393,39.55913925
166.108887,35.24934128,39.32726288
166.208984,35.24934128,38.48016739
166.308594,35.2495797,38.76664734
166.408691,35.24987772,39.43812561
166.508789,35.24969891,39.51028442
166.608887,35.24940088,39.85300446
166.708984,35.24934128,40.1710434
166.808594,35.2495797,38.66684341
166.908691,35.24987772,40.00698471
167.008789,35.24969891,39.88166046
167.108887,35.24940088,39.92107391
167.208984,35.24928167,37.74525452
167.308594,35.2495797,38.45697403
167.408691,35.24987772,39.43655396
167.508789,35.24969891,39.14241028
167.608887,35.24940088,39.5435257
167.708984,35.24934128,37.95851898
167.808594,35.2495797,38.64227295
167.908691,35.24987772,38.84724808
168.008789,35.2496393,39.55476761
168.108887,35.24934128,38.63005829
168.208984,35.24940088,38.15284729
168.308594,35.2496393,38.76432419
168.408691,35.24987772,39.18727112
168.508789,35.24969891,39.02114105
168.608887,35.24940088,39.34623718
168.708984,35.24934128,38.21805954
168.808594,35.2495797,38.56413651
168.908691,35.24987772,38.97021484
169.008789,35.24969891,39.33563995
169.108887,35.24934128,38.39900208
169.208984,35.24934128,37.48056412
169.308594,35.24969891,37.39873123
169.408691,35.24987772,38.58208847
169.508789,35.2496393,39.1606102
169.608887,35.24928167,38.04580307
169.708984,35.24946049,38.11031723
169.808594,35.24975851,38.25507355
169.908691,35.24981812,39.11032486
170.008789,35.24952009,39.63077545
170.108887,35.24928167,37.8643837
170.208984,35.2495797,38.08295822
170.308594,35.24987772,37.94723129
170.408691,35.24975851,38.7802887
170.508789,35.24940088,38.15883636
170.608887,35.24928167,38.35475922
170.708984,35.2495797,38.19136429
170.808594,35.24987772,38.0663681
170.908691,35.24975851,38.11730957
171.008789,35.24946049,38.24886703
171.108887,35.24928167,37.99649811
171.208984,35.24952009,37.48142624
171.308594,35.24981812,37.80302048
171.408691,35.24975851,38.51683044
171.508789,35.24952009,38.97034454
171.608887,35.24928167,36.98697281
171.708984,35.24952009,37.56814194
171.808594,35.24987772,36.6768837
171.908691,35.24975851,37.90910721
172.008789,35.24946049,37.65310669
172.108887,35.24928167,37.8897171
172.208984,35.2495797,36.65559387
172.308594,35.24987772,37.86945343
172.408691,35.24969891,38.52233887
172.508789,35.24940088,38.24526978
172.608887,35.24928167,37.21148682
172.708984,35.2496393,36.66489792
172.808594,35.24987772,37.99321747
172.908691,35.2496393,38.01148224
173.008789,35.24940088,37.49415207
173.108887,35.24934128,36.51961899
173.208984,35.2496393,36.92690659
173.308594,35.24987772,37.8048172
173.408691,35.2496393,38.1845932
173.508789,35.24934128,36.8539505
173.608887,35.24934128,36.97418976
173.708984,35.24969891,36.87991714
173.808594,35.24987772,37.53137207
173.908691,35.2496393,37.40537262
174.008789,35.24934128,37.3560791
174.108887,35.24934128,36.28495789
174.208984,35.24969891,36.70994568
174.308594,35.24987772,37.00638199
174.408691,35.2496393,37.41062927
174.508789,35.24934128,36.94046021
174.608887,35.24934128,36.56948853
174.708984,35.24969891,36.11873245
174.808594,35.24987772,37.21360397
174.908691,35.2496393,36.32696533
175.008789,35.24928167,35.91903687
175.108887,35.24940088,36.19658279
175.208984,35.24969891,36.13557053
175.308594,35.24987772,36.79029465
175.408691,35.2496393,37.12852097
175.508789,35.24934128,36.62755966
175.608887,35.24940088,35.683918
175.708984,35.24969891,36.48957443
175.808594,35.24981812,36.77659988
175.908691,35.24952009,36.70671844
176.008789,35.24928167,36.68801498
176.108887,35.24952009,35.86275482
176.208984,35.24981812,35.81469345
176.308594,35.24981812,37.67227554
176.408691,35.24952009,37.14300537
176.508789,35.24928167,35.96562195
176.608887,35.24952009,35.25360107
176.708984,35.24981812,35.80816269
176.808594,35.24975851,36.88293457
176.908691,35.24952009,36.96754837
177.008789,35.24928167,35.70773697
177.108887,35.24952009,36.41391373
177.208984,35.24987772,36.76858521
177.308594,35.24975851,37.19918823
177.408691,35.24946049,36.89635086
177.508789,35.24928167,36.43806839
177.608887,35.2495797,36.05469513
177.708984,35.24987772,36.40714264
177.808594,35.24969891,36.88638306
177.908691,35.24940088,36.67047119
178.008789,35.24928167,35.70533752
178.108887,35.2495797,35.14165878
178.208984,35.24987772,35.89788055
178.308594,35.2496393,36.0216217
178.408691,35.24934128,35.73551178
178.508789,35.24934128,35.86994934
178.608887,35.24969891,35.77968979
178.708984,35.24987772,36.40414429
178.808594,35.2495797,36.78768921
178.908691,35.24928167,36.03045273
179.008789,35.24940088,34.82229996
179.108887,35.24969891,34.79671478
179.208984,35.24981812,35.60760498
179.308594,35.24952009,35.74196625
179.408691,35.24928167,35.71603394
179.508789,35.24952009,34.6433754
179.608887,35.24981812,35.55701447
179.708984,35.24981812,35.869133
179.808594,35.24946049,36.15307236
179.908691,35.24934128,34.59231949
180.008789,35.2495797,34.75822067
180.108887,35.24987772,35.36980438
180.208984,35.24969891,36.26678085
180.308594,35.24934128,35.6322937
180.408691,35.24934128,35.83589554
180.508789,35.24969891,35.32145309
180.608887,35.24987772,36.00716019
180.708984,35.2495797,35.81467438
180.808594,35.24928167,35.76252365
180.908691,35.24946049,34.7256546
181.008789,35.24975851,34.57886124
181.108887,35.24981812,36.02060699
181.208984,35.24952009,35.20999908
181.308594,35.24928167,34.68987656
181.408691,35.24952009,34.82477188
181.508789,35.24987772,34.65540314
181.608887,35.24969891,35.7358284
181.708984,35.24940088,35.91688538
181.808594,35.24928167,34.56832504
181.908691,35.2495797,35.03915787
182.008789,35.24987772,35.12702179
182.108887,35.24969891,35.72287369
182.208984,35.24940088,35.48108292
182.308594,35.24934128,34.56779099
182.408691,35.2496393,35.08449173
182.508789,35.24987772,35.53644943
182.608887,35.2496393,35.77043152
182.708984,35.24934128,35.54959869
182.808594,35.24940088,35.28507233
182.908691,35.24969891,34.2763176
183.008789,35.24987772,34.83096695
183.108887,35.2495797,36.09536362
183.208984,35.24928167,34.09806061
183.308594,35.24946049,34.43421555
183.408691,35.24969891,34.29959869
183.508789,35.24987772,35.49372101
183.608887,35.2495797,35.46390533
183.708984,35.24928167,35.34521484
183.808594,35.24946049,34.73362732
183.908691,35.24981812,33.87675095
184.008789,35.24981812,35.92434692
184.108887,35.24952009,35.00078201
184.208984,35.24928167,34.68132782
184.308594,35.24946049,33.65666199
184.408691,35.24981812,34.00260925
184.508789,35.24981812,35.07160187
184.608887,35.24946049,35.55377579
184.708984,35.24928167,33.80350113
184.808594,35.2495797,33.93048096
184.908691,35.24987772,34.55175018
185.008789,35.2496393,35.35604477
185.108887,35.24940088,33.93569183
185.208984,35.24934128,34.4992981
185.308594,35.2496393,33.99367523
185.408691,35.24987772,34.69232941
185.508789,35.2495797,34.81736755
185.608887,35.24934128,34.34811783
185.708984,35.24940088,34.17861938
185.808594,35.24969891,34.46411514
185.908691,35.24987772,34.78175354
186.008789,35.2496393,34.01293564
186.108887,35.24928167,34.31153107
186.208984,35.24940088,33.47188568
186.308594,35.24975851,33.40644073
186.408691,35.24981812,35.55605698
186.508789,35.24952009,34.61894989
186.608887,35.24928167,34.00668716
186.708984,35.24940088,34.13500977
186.808594,35.24969891,33.99935913
186.908691,35.24987772,33.95444107
187.008789,35.2495797,34.28334045
187.108887,35.24928167,33.9311142
187.208984,35.24952009,33.05203247
187.308594,35.24987772,33.89160538
187.408691,35.24975851,34.31138992
187.508789,35.24946049,35.07539749
187.608887,35.24928167,33.69981384
187.708984,35.2495797,33.56706619
187.808594,35.24987772,34.339077
187.908691,35.24969891,34.90045547
188.008789,35.24934128,34.93486023
188.108887,35.24940088,33.65623856
188.208984,35.24969891,33.47018433
188.308594,35.24987772,34.03344727
188.408691,35.2495797,33.6239357
188.508789,35.24928167,33.99051285
188.608887,35.2495797,33.34556961
188.708984,35.24981812,33.15570831
188.808594,35.24975851,34.11644745
188.908691,35.24952009,34.42357254
189.008789,35.24922207,33.25004959
189.108887,35.24952009,33.91148376
189.208984,35.24987772,33.54553604
189.308594,35.24975851,34.04730988
189.408691,35.24946049,33.35316086
189.508789,35.24934128,33.65695572
189.608887,35.2495797,33.2378273
189.708984,35.24987772,33.22301483
189.808594,35.24969891,34.77337646
189.908691,35.24934128,32.74647903
190.008789,35.24940088,32.24631119
190.108887,35.24975851,32.59823608
190.208984,35.24981812,33.41733551
190.308594,35.24952009,33.82339096
190.408691,35.24928167,32.93621063
190.508789,35.24952009,33.48108673
190.608887,35.24981812,33.12979889
190.708984,35.24975851,34.406353
190.808594,35.24946049,33.84383774
190.908691,35.24928167,33.75102615
191.008789,35.2495797,32.82168198
191.108887,35.24987772,33.04047394
191.208984,35.24969891,34.26504135
191.308594,35.24940088,33.57270432
191.408691,35.24934128,33.37236404
191.508789,35.2496393,33.07035446
191.608887,35.24987772,34.02835464
191.708984,35.2495797,34.26659012
191.808594,35.24928167,32.91668701
191.908691,35.24946049,32.98304749
192.008789,35.24975851,32.62607574
192.108887,35.24981812,34.17038345
192.208984,35.24952009,33.47345352
192.308594,35.24928167,32.83629608
192.408691,35.24952009,32.28448105
192.508789,35.24987772,32.38419724
192.608887,35.24969891,33.60101318
192.708984,35.24940088,33.8068924
192.808594,35.24934128,32.66789627
192.908691,35.24969891,33.01401901
193.008789,35.24981812,33.08753967
193.108887,35.24952009,33.71092606
193.208984,35.24928167,32.89371109
193.308594,35.24952009,32.93082047
193.408691,35.24981812,32.86855316
193.508789,35.24981812,33.48417282
193.608887,35.24946049,32.85951233
193.708984,35.24928167,32.33174515
193.808594,35.24952009,31.86164284
193.908691,35.24981812,33.18336487
194.008789,35.24975851,33.2768898
194.108887,35.24946049,32.86523819
194.208984,35.24934128,33.34148026
194.308594,35.2495797,32.69991684
194.408691,35.24987772,33.56359863
194.508789,35.2496393,34.03967667
194.608887,35.24934128,32.93045044
194.708984,35.24934128,31.91994095
194.808594,35.24969891,32.49941254
194.908691,35.24987772,33.57717514
195.008789,35.2495797,33.42854691
195.108887,35.24928167,33.09375763
195.208984,35.24946049,32.2211113
195.308594,35.24981812,32.70315552
195.408691,35.24981812,32.96877289
195.508789,35.24952009,32.84688568
195.608887,35.24928167,33.20331192
195.708984,35.2495797,32.43599701
195.808594,35.24987772,32.34692383
195.908691,35.24975851,33.37342072
196.008789,35.24940088,33.13514328
196.108887,35.24934128,33.19864273
196.208984,35.2496393,31.6309967
196.308594,35.24987772,32.39161301
196.408691,35.24969891,33.72006607
196.508789,35.24940088,32.52616119
196.608887,35.24934128,32.15747833
196.708984,35.24969891,31.28719902
196.808594,35.24987772,32.46543121
196.908691,35.2495797,33.09967804
197.008789,35.24928167,32.77861786
197.108887,35.24946049,31.87918854
197.208984,35.24981812,31.90141296
197.308594,35.24975851,33.58948517
197.408691,35.24940088,33.0733223
197.508789,35.24934128,33.58409882
197.608887,35.2496393,31.98105431
197.708984,35.24987772,31.96773911
197.808594,35.24969891,33.27114105
197.908691,35.24940088,32.02700806
198.008789,35.24934128,32.02563477
198.108887,35.2496393,32.10574341
198.208984,35.24987772,32.15102386
198.308594,35.2495797,32.60644531
198.408691,35.24928167,32.21141434
198.508789,35.24946049,31.89633179
198.608887,35.24981812,32.41195297
198.708984,35.24975851,31.80133629
198.808594,35.24946049,32.50412369
198.908691,35.24928167,31.91267967
199.008789,35.2496393,31.71660233
199.108887,35.24987772,31.48365593
199.208984,35.2496393,32.8469162
199.308594,35.24928167,32.74332809
199.408691,35.24946049,30.84332466
199.508789,35.24975851,31.54060364
199.608887,35.24981812,31.43341637
199.708984,35.24952009,32.14877701
199.808594,35.24928167,31.16693687
199.908691,35.24952009,31.33708
200.008789,35.24987772,31.20254135
200.108887,35.24975851,32.79594803
200.208984,35.24940088,31.18425369
200.308594,35.24934128,31.10839844
200.408691,35.24969891,31.06680489
200.508789,35.24987772,32.70436478
200.608887,35.2495797,32.41876602
200.708984,35.24928167,31.56855392
200.808594,35.24946049,31.19486427
200.908691,35.24981812,31.26364326
201.008789,35.24981812,32.11984634
201.108887,35.24952009,31.3120842
201.208984,35.24928167,31.54514122
201.308594,35.24952009,31.31146431
201.408691,35.24981812,31.2258358
201.508789,35.24981812,32.31874466
201.608887,35.24952009,32.55889893
201.708984,35.24928167,31.84554672
201.808594,35.2495797,30.86811256
201.908691,35.24987772,31.74747658
202.008789,35.24969891,31.87445641
202.108887,35.24940088,32.18052292
202.208984,35.24934128,31.32740784
202.308594,35.24969891,31.55449677
202.408691,35.24987772,32.01411819
202.508789,35.2496393,32.24671555
202.608887,35.24934128,32.38860321
202.708984,35.24940088,30.87251854
202.808594,35.24975851,31.87497902
202.908691,35.24981812,32.39177704
203.008789,35.24952009,31.8325367
203.108887,35.24928167,31.49764824
203.208984,35.24952009,31.09482002
203.308594,35.24987772,32.35522461
203.408691,35.24969891,32.37356567
203.508789,35.24934128,31.93728065
203.608887,35.24940088,31.33590126
203.708984,35.24969891,31.39716721
203.808594,35.24987772,31.51193428
203.908691,35.2496393,31.46875954
204.008789,35.24934128,31.82282066
204.108887,35.24934128,32.04910278
204.208984,35.2496393,29.92308807
204.308594,35.24987772,31.75562096
204.408691,35.2496393,32.22068405
204.508789,35.24928167,31.52884865
204.608887,35.24946049,31.36014366
204.708984,35.24981812,30.57193756
204.808594,35.24981812,32.28754425
204.908691,35.24946049,32.13707352
205.008789,35.24934128,32.22845078
205.108887,35.2495797,31.5958271
205.208984,35.24987772,31.77695274
205.308594,35.24969891,31.45952415
205.408691,35.24940088,32.22679138
205.508789,35.24934128,31.29511642
205.608887,35.2496393,30.6960392
205.708984,35.24987772,32.16905975
205.808594,35.2495797,32.15758896
205.908691,35.24928167,31.67066002
206.008789,35.24952009,31.4803524
206.108887,35.24981812,31.41901016
206.208984,35.24969891,32.03931046
206.308594,35.24946049,32.51575851
206.408691,35.24928167,31.53904343
206.508789,35.2495797,31.07967377
206.608887,35.24987772,30.76408768
206.708984,35.24969891,31.59420204
206.808594,35.24940088,31.65974236
206.908691,35.24934128,31.70384407
207.008789,35.2496393,30.683815
207.108887,35.24987772,30.99212646
207.208984,35.24969891,32.03742218
207.308594,35.24940088,31.3200016
207.408691,35.24934128,31.33152962
207.508789,35.2496393,31.87371445
207.608887,35.24987772,31.40908623
207.708984,35.24969891,31.43379784
207.808594,35.24940088,31.84848976
207.908691,35.24934128,30.5073452
208.008789,35.24969891,31.26571655
208.108887,35.24987772,31.47594643
208.208984,35.2495797,31.08916092
208.308594,35.24928167,31.41423416
208.408691,35.24952009,30.28471565
208.508789,35.24975851,30.71376038
208.608887,35.24981812,31.25753784
208.708984,35.2495797,31.47437668
208.808594,35.24928167,30.20848846
208.908691,35.24946049,30.62017059
209.008789,35.24981812,31.1724987
209.108887,35.24975851,32.2377739
209.208984,35.24946049,31.38718987
209.308594,35.24928167,31.45432091
209.408691,35.2495797,31.60528183
209.508789,35.24987772,30.83071899
209.608887,35.24969891,31.64216423
209.708984,35.24946049,31.61989594
209.808594,35.24928167,31.654356
209.908691,35.2495797,31.06765556
210.008789,35.24987772,30.8653965
210.108887,35.24975851,31.55449677
210.208984,35.24934128,30.91479683
210.308594,35.24934128,31.74534988
210.408691,35.24969891,31.28172493
210.508789,35.24981812,31.57520676
210.608887,35.2495797,31.47642708
210.708984,35.24928167,30.52959251
210.808594,35.24940088,30.88352203
210.908691,35.2496393,30.76856995
211.008789,35.24987772,31.4420433
211.108887,35.24969891,31.41891289
211.208984,35.24934128,30.48405266
211.308594,35.24940088,30.78006363
211.408691,35.24969891,30.15433311
211.508789,35.24981812,30.10748482
211.608887,35.2495797,31.10799408
211.708984,35.24928167,30.3649025
211.808594,35.24940088,31.06145096
211.908691,35.24975851,31.55654716
212.008789,35.24981812,31.00690269
212.108887,35.24946049,30.86666107
212.208984,35.24928167,29.80175781
212.308594,35.2496393,30.32549095
212.408691,35.24987772,31.375597
212.508789,35.2495797,31.46627426
212.608887,35.24928167,30.77916908
212.708984,35.24946049,30.11602402
212.808594,35.24975851,30.2393074
212.908691,35.24987772,31.04183197
213.008789,35.24952009,31.22189903
213.108887,35.24928167,30.9407196
213.208984,35.2495797,29.91258621
213.308594,35.24987772,30.50910187
213.408691,35.24969891,31.2891407
213.508789,35.24940088,30.46260262
213.608887,35.24934128,30.26182556
213.708984,35.2495797,30.17590332
213.808594,35.24987772,30.38446617
213.908691,35.24969891,31.4727726
214.008789,35.24940088,30.33391953
214.108887,35.24934128,30.59700775
214.208984,35.2495797,30.48710632
214.308594,35.24987772,30.09130096
214.408691,35.2496393,30.05867195
214.508789,35.24934128,29.80533409
214.608887,35.24940088,30.62721634
214.708984,35.24969891,30.72467613
214.808594,35.24981812,30.84983444
214.908691,35.2495797,30.20341682
215.008789,35.24928167,30.78057671
215.108887,35.24946049,29.74072075
215.208984,35.24975851,30.16124725
215.308594,35.24981812,30.19740868
215.408691,35.24946049,30.6921463
215.508789,35.24934128,30.810009
215.608887,35.2495797,29.97590256
215.708984,35.24987772,30.13111687
215.808594,35.2496393,29.97734261
215.908691,35.24940088,31.4064579
216.008789,35.24934128,30.60797882
216.108887,35.24969891,29.86259651
216.208984,35.24987772,30.63962555
216.308594,35.2496393,30.30258942
216.408691,35.24934128,30.15732193
216.508789,35.24940088,29.92320824
216.608887,35.2496393,29.32316017
216.708984,35.24981812,30.97071838
216.808594,35.24975851,31.13959694
216.908691,35.24940088,30.41526222
217.008789,35.24934128,30.26304817
217.108887,35.2496393,29.26687813
217.208984,35.24987772,30.54344177
217.308594,35.2496393,30.9024086
217.408691,35.24928167,30.35785675
217.508789,35.24952009,30.00252151
217.608887,35.24981812,30.61167526
217.708984,35.24969891,30.86759949
217.808594,35.24934128,31.00923729
217.908691,35.24940088,29.87236786
218.008789,35.24975851,29.13202477
218.108887,35.24987772,30.3216629
218.208984,35.24952009,30.53117371
218.308594,35.24928167,29.88204193
218.408691,35.24952009,30.01908684
218.508789,35.24981812,30.57839394
218.608887,35.24975851,31.38708115
218.708984,35.24940088,31.22072029
218.808594,35.24934128,30.62102127
218.908691,35.2495797,29.96010017
219.008789,35.24981812,30.6957016
219.108887,35.24975851,30.4992218
219.208984,35.24946049,30.93666267
219.308594,35.24934128,29.98070145
219.408691,35.2496393,29.43152428
219.508789,35.24987772,30.58574295
219.608887,35.24969891,30.38409615
219.708984,35.24940088,30.48674583
219.808594,35.24934128,29.78463554
219.908691,35.2496393,29.93898773
220.008789,35.24987772,29.92469215
220.108887,35.2495797,30.06030846
220.208984,35.24928167,30.373909
220.308594,35.24946049,29.24346542
220.408691,35.24975851,29.94652367
220.508789,35.24981812,30.17437744
220.608887,35.24952009,30.49256897
220.708984,35.24928167,30.53347397
220.808594,35.24946049,30.65323639
220.908691,35.24969891,30.53291893
221.008789,35.24987772,30.63648605
221.108887,35.2495797,31.33177948
221.208984,35.24928167,29.54478645
221.308594,35.24952009,28.59742928
221.408691,35.24987772,30.09107208
221.508789,35.24969891,30.68888474
221.608887,35.24940088,30.79708672
221.708984,35.24934128,29.89673042
221.808594,35.2496393,30.04929352
221.908691,35.24981812,29.75713348
222.008789,35.2495797,29.94747162
222.108887,35.24928167,30.4782505
222.208984,35.24946049,29.91770172
222.308594,35.24969891,29.20817566
222.408691,35.24987772,29.84525871
222.508789,35.2496393,30.08644867
222.608887,35.24934128,30.54061699
222.708984,35.24934128,29.54164505
222.808594,35.24969891,29.79440689
222.908691,35.24987772,30.78679276
223.008789,35.24952009,31.45758247
223.108887,35.24928167,30.16625214
223.208984,35.24952009,30.09210777
223.308594,35.24975851,29.41457748
223.408691,35.24981812,30.04600143
223.508789,35.24952009,30.35212135
223.608887,35.24928167,30.37628746
223.708984,35.24952009,28.64308929
223.808594,35.24987772,30.24998283
223.908691,35.24975851,30.93233299
224.008789,35.24946049,30.92162323
224.108887,35.24928167,30.75488281
224.208984,35.2495797,30.13313293
224.308594,35.24987772,29.8177433
224.408691,35.2496393,30.1156311
224.508789,35.24934128,29.93995857
224.608887,35.24940088,29.7375679
224.708984,35.24975851,29.43013
224.808594,35.24975851,30.27752876
224.908691,35.24946049,30.32887077
225.008789,35.24928167,29.36081505
225.108887,35.2495797,29.55351067
225.208984,35.24987772,29.88129997
225.308594,35.2496393,30.40008163
225.408691,35.24934128,30.27147675
225.508789,35.24940088,29.78355598
225.608887,35.24969891,29.48800278
225.708984,35.24981812,30.12000465
225.808594,35.2495797,29.80004501
225.908691,35.24928167,29.61037064
226.008789,35.24946049,28.56236839
226.108887,35.24975851,29.09427071
226.208984,35.24981812,29.94270706
226.308594,35.2495797,29.72344589
226.408691,35.24928167,29.03918839
226.508789,35.24946049,29.14948273
226.608887,35.24975851,29.22320366
226.708984,35.24981812,29.25691032
226.808594,35.24946049,29.29046631
226.908691,35.24928167,29.18824005
227.008789,35.24952009,28.95860863
227.108887,35.24975851,30.14487839
227.208984,35.24981812,30.70068359
227.308594,35.2495797,30.30843544
227.408691,35.24934128,29.33786011
227.508789,35.24940088,29.60547447
227.608887,35.24969891,29.20676804
227.708984,35.24987772,29.65335846
227.808594,35.2496393,30.50334358
227.908691,35.24934128,29.56763268
228.008789,35.24940088,29.40119743
228.108887,35.2496393,29.6032486
228.208984,35.24987772,31.11017418
228.308594,35.2496393,30.23203278
228.408691,35.24940088,30.1330471
228.508789,35.24940088,29.04485893
228.608887,35.2496393,29.43669319
228.708984,35.24987772,30.04327393
228.808594,35.2496393,30.87700081
228.908691,35.24934128,30.28536034
229.008789,35.24940088,29.00695229
229.108887,35.24969891,28.85085487
229.208984,35.24981812,30.5969429
229.308594,35.2495797,30.49803352
229.408691,35.24934128,29.68112373
229.508789,35.24946049,28.50725365
229.608887,35.24975851,29.6265316
229.708984,35.24981812,29.4668026
229.808594,35.24952009,29.782444
229.908691,35.24928167,29.87387276
230.008789,35.24952009,28.54994774
230.108887,35.24987772,29.92825699
230.208984,35.24969891,29.64974976
230.308594,35.24940088,29.31066322
230.408691,35.24940088,28.64591408
230.508789,35.2496393,29.63176727
230.608887,35.24987772,29.29638672
230.708984,35.2496393,29.83164787
230.808594,35.24934128,29.56898499
230.908691,35.24940088,29.01549149
231.008789,35.24969891,29.22588539
231.108887,35.24987772,29.66138458
231.208984,35.2495797,29.55111122
231.308594,35.24934128,30.45772743
231.408691,35.24946049,28.49171448
231.508789,35.24975851,28.80906677
231.608887,35.24981812,29.17951584
231.708984,35.24952009,29.00323296
231.808594,35.24928167,29.47625732
231.908691,35.24946049,29.1520462
232.008789,35.24969891,29.16412926
232.108887,35.24987772,29.06861115
232.208984,35.24952009,29.82134247
232.308594,35.24928167,29.59532166
232.408691,35.2495797,28.94524002
232.508789,35.24981812,28.45792961
232.608887,35.24969891,28.90494537
232.708984,35.24940088,29.91176796
232.808594,35.24934128,29.68627167
232.908691,35.2495797,28.74473572
233.008789,35.24987772,29.13259125
233.108887,35.2496393,29.67967224
233.208984,35.24928167,29.14785767
233.308594,35.24946049,29.45006371
233.408691,35.24975851,28.69535828
233.508789,35.24981812,29.65436172
233.608887,35.2495797,29.82117844
233.708984,35.24934128,29.7114296
233.808594,35.24946049,29.01230621
233.908691,35.24969891,28.82785606
234.008789,35.24981812,29.89411354
234.108887,35.24952009,29.47131729
234.208984,35.24928167,28.58987236
234.308594,35.2495797,28.25453568
234.408691,35.24987772,29.51370621
234.508789,35.24969891,30.32152176
234.608887,35.24940088,29.65442657
234.708984,35.24934128,28.90144539
234.808594,35.2495797,28.98226357
234.908691,35.24987772,29.4106636
235.008789,35.24969891,29.40824318
235.108887,35.24940088,29.59714317
235.208984,35.24940088,29.10821724
235.308594,35.2496393,28.95932961
235.408691,35.24987772,29.12473869
235.508789,35.24969891,30.15198898
235.608887,35.24940088,28.95559883
235.708984,35.24934128,28.72296906
235.808594,35.2496393,28.87473679
235.908691,35.24987772,29.34837341
236.008789,35.2496393,29.19649506
236.108887,35.24934128,29.49583244
236.208984,35.24940088,29.29158974
236.308594,35.24969891,28.83673286
236.408691,35.24987772,29.43592072
236.508789,35.2496393,29.52310753
236.608887,35.24934128,29.09892654
236.708984,35.24940088,29.13877487
236.808594,35.24969891,28.87413788
236.908691,35.24981812,28.94209862
237.008789,35.2495797,28.68401718
237.108887,35.24934128,28.55368805
237.208984,35.24946049,28.76926231
237.308594,35.24981812,28.5977459
237.408691,35.24975851,29.60574722
237.508789,35.24934128,29.10420418
237.608887,35.24934128,28.27249718
237.708984,35.24969891,28.34490776
237.808594,35.24981812,29.66742706
237.908691,35.2495797,29.15905762
238.008789,35.24928167,29.18311501
238.108887,35.24946049,28.89217567
238.208984,35.24975851,28.93339729
238.308594,35.24975851,29.57861519
238.408691,35.24946049,29.32325745
238.508789,35.24928167,29.26409721
238.608887,35.2495797,28.79319954
238.708984,35.24987772,29.36198235
238.808594,35.24969891,29.64133072
238.908691,35.24934128,28.79678726
239.008789,35.24940088,28.95664597
239.108887,35.2496393,28.7602005
239.208984,35.24987772,29.60704422
239.308594,35.2496393,29.81980515
239.408691,35.24934128,29.55603981
239.508789,35.24940088,28.24376297
239.608887,35.24969891,28.74768066
239.708984,35.24981812,29.3936615
239.808594,35.24952009,29.69093895
239.908691,35.24928167,29.15745544
240.008789,35.24946049,29.63235474
240.108887,35.24975851,29.4104023
240.208984,35.24975851,29.81236839
240.308594,35.24952009,29.61139488
240.408691,35.24928167,28.55831146
240.508789,35.2495797,29.36699867
240.608887,35.24987772,29.22712898
240.708984,35.2496393,28.70458412
240.808594,35.24934128,29.44375038
240.908691,35.24940088,29.47505951
241.008789,35.24969891,28.08794785
241.108887,35.24981812,29.62588882
241.208984,35.2495797,29.92675209
241.308594,35.24934128,28.19401169
241.408691,35.24940088,29.57460213
241.508789,35.24969891,28.77668953
241.608887,35.24987772,28.61167145
241.708984,35.2495797,29.98034096
241.808594,35.24928167,28.92569733
241.908691,35.24940088,28.34735107
242.008789,35.24969891,28.6416378
242.108887,35.24981812,29.06142426
242.208984,35.2495797,30.00085258
242.308594,35.24928167,28.85303688
242.408691,35.24946049,28.90774727
242.508789,35.24975851,28.87987328
242.608887,35.24981812,29.68081856
242.708984,35.24946049,29.72430801
242.808594,35.24928167,28.83457375
242.908691,35.2495797,27.7196579
243.008789,35.24981812,28.56872559
243.108887,35.24975851,28.56648064
243.208984,35.24946049,29.02804375
243.308594,35.24934128,29.27821922
243.408691,35.2495797,27.88633347
243.508789,35.24987772,28.32162476
243.608887,35.2496393,29.20872116
243.708984,35.24934128,28.68192291
243.808594,35.24940088,27.82715034
243.908691,35.24969891,28.58332825
244.008789,35.24981812,29.1965065
244.108887,35.2495797,28.98483658
244.208984,35.24934128,28.84858704
244.308594,35.24940088,28.61465836
244.408691,35.24975851,27.84079361
244.508789,35.24981812,28.76842308
244.608887,35.24952009,28.82539177
244.708984,35.24928167,28.20033836
244.808594,35.24952009,27.97583199
244.908691,35.24981812,28.47437477
245.008789,35.24969891,29.57403374
245.108887,35.24946049,29.27471924
245.208984,35.24934128,28.08642197
245.308594,35.2496393,27.65843582
245.408691,35.24981812,28.43868256
245.508789,35.2495797,29.52091408
245.608887,35.24928167,28.34013176
245.708984,35.24952009,28.59397125
245.808594,35.24981812,28.28568077
245.908691,35.24975851,28.18520164
246.008789,35.24946049,28.99913406
246.108887,35.24934128,28.44150543
246.208984,35.2496393,27.85522079
246.308594,35.24987772,28.33141899
246.408691,35.2496393,29.14790154
246.508789,35.24928167,29.27385712
246.608887,35.24946049,27.62331009
246.708984,35.24975851,28.97971153
246.808594,35.24981812,28.85119247
246.908691,35.24952009,28.83865166
247.008789,35.24928167,28.61816978
247.108887,35.2495797,27.94693375
247.208984,35.24981812,28.70089722
247.308594,35.24969891,28.56164932
247.408691,35.24946049,28.6572876
247.508789,35.24934128,28.00369453
247.608887,35.2495797,27.94532967
247.708984,35.24987772,28.51658821
247.808594,35.2496393,28.88884926
247.908691,35.24934128,28.88778114
248.008789,35.24940088,28.04175377
248.108887,35.24969891,28.36953163
248.208984,35.24981812,29.43028259
248.308594,35.24952009,28.74178123
248.408691,35.24928167,28.51855087
248.508789,35.2495797,29.36358643
248.608887,35.24987772,28.68803978
248.708984,35.2496393,29.66274834
248.808594,35.24934128,29.71426392
248.908691,35.24934128,28.47342491
249.008789,35.2496393,28.71796417
249.108887,35.24987772,29.13726997
249.208984,35.24969891,29.28994179
249.308594,35.24934128,29.405756
249.408691,35.24940088,28.54212952
249.508789,35.24969891,29.14544868
249.608887,35.24987772,29.71598816
249.708984,35.2495797,29.08578682
249.808594,35.24934128,28.9560585
249.908691,35.24940088,28.18882179
250.008789,35.24969891,28.22657585
250.108887,35.24981812,28.89492226
250.208984,35.2495797,29.3060379
250.308594,35.24928167,28.72047234
250.408691,35.24952009,29.10667038
250.508789,35.24981812,28.87018013
250.608887,35.24975851,28.44460297
250.708984,35.24946049,29.27201462
250.808594,35.24934128,28.48304367
250.908691,35.2495797,28.86730003
251.008789,35.24981812,28.5156517
251.108887,35.24969891,28.67636108
251.208984,35.24946049,29.11178398
251.308594,35.24928167,28.67296982
251.408691,35.2495797,29.27412987
251.508789,35.24987772,29.07949448
251.608887,35.24969891,29.1435833
251.708984,35.24940088,28.301548
251.808594,35.24934128,28.02083778
251.908691,35.2496393,28.39021873
252.008789,35.24987772,28.72638321
252.108887,35.2495797,29.19925499
252.208984,35.24928167,29.15541649
252.308594,35.24946049,27.60677719
252.408691,35.24975851,28.33458138
252.508789,35.24981812,28.27257347
252.608887,35.24952009,29.02395439
