Time ,Extension,Load
0,0.002473316,0.000656906
0.099975,0.024165514,0.001073667
0.199951,0.049466322,0.00039276
0.300049,0.074604941,0.000638876
0.400024,0.099459743,0.000387227
0.5,0.124436177,0.000689262
0.599975,0.149128799,0.00093598
0.699951,0.173294306,5.81E-05
0.800049,0.19754091,0.000995871
0.900024,0.221746974,0.001466679
1,0.245912495,0.000681858
1.099975,0.270037446,0.001047773
1.199951,0.294121885,0.000747022
1.300049,0.318206294,0.000793955
1.400024,0.342250161,0.000657189
1.5,0.366091321,0.000727417
1.599975,0.390216301,5.84E-05
1.699951,0.41430071,0.00084853
1.800049,0.438060757,0.000182497
1.900024,0.462226279,0.000656528
2,0.486432342,0.000557523
2.099975,0.510395097,0.0003837
2.199951,0.534357911,0.000360308
2.300049,0.558320666,0.000432757
2.400024,0.582242908,0.000415476
2.5,0.606286805,0.001006209
2.599975,0.630046823,0.000636893
2.699951,0.654252886,0.001134123
2.800049,0.67845895,0.000389269
2.900024,0.702219026,0.00077444
3,0.726262922,0.000915083
3.099975,0.750347332,0.00064094
3.199951,0.774269574,0.000238207
3.300049,0.798353984,0.000598448
3.400024,0.82239788,0.000515432
3.5,0.846401206,0.00045877
3.599975,0.870445045,-1.18E-06
3.699951,0.894326775,0.000630284
3.800049,0.918330101,-8.62E-06
3.900024,0.942373939,0.000625709
4,0.966174528,0.000198879
4.099975,0.990258995,0.000474246
4.199951,1.014424488,0.001304085
4.300049,1.03830616,0.00030323
4.400024,1.062309486,0.000347876
4.5,1.086353441,0.000439752
4.599975,1.110275625,0.00057819
4.699951,1.134238439,-2.49E-06
4.800049,1.158201136,0.000396688
4.900024,1.182285603,0.000360345
5,1.206410583,0.000391824
5.099975,1.23021123,0.000587777
5.199951,1.254295581,0.000816122
5.300049,1.27833942,0.000278657
5.400024,1.302180579,0.000391928
5.5,1.326224534,0.000647913
5.599975,1.350390026,0.000205228
5.699951,1.374271698,-0.000589321
5.800049,1.398315537,0.000416234
5.900024,1.422318863,-3.87E-05
6,1.446322189,-7.66E-05
6.099975,1.470366144,0.000863909
6.199951,1.494126162,0.000892181
6.300049,1.518251142,0.000902599
6.400024,1.542376122,0.000355644
6.5,1.566217281,-0.000180774
6.599975,1.590342261,0.000646436
6.699951,1.614426612,-4.68E-06
6.800049,1.638227259,0.00069475
6.900024,1.662271097,0.00107294
7,1.686314936,0.00093096
7.099975,1.710277749,0.000162008
7.199951,1.734321588,0.001261451
7.300049,1.758243889,0.000731502
7.400024,1.782368869,0.000629623
7.5,1.80645322,0.000182979
7.599975,1.830172725,0.000325338
7.699951,1.854257192,0.00064446
7.800049,1.87834166,0.000312157
7.900024,1.90214219,0.000272018
8,1.92626717,0.000131412
8.099975,1.95039215,0.001161741
8.199951,1.974273939,-0.000193651
8.300049,1.998277148,0.000454493
8.400024,2.02215882,-0.0003146
8.5,2.046162263,6.82E-05
8.599975,2.070246497,0.001115528
8.699951,2.094128402,-0.000512417
8.800049,2.118334407,0.000300438
8.900024,2.142459387,0.000521239
9,2.166219288,3.81E-05
9.099975,2.190303756,-0.000509112
9.199951,2.214388223,0.000223452
9.300049,2.238391666,1.68E-05
9.400024,2.262354363,0.000652644
9.5,2.286357572,0.000545114
9.599975,2.310401527,0.000724373
9.699951,2.334364224,0.000897453
9.800049,2.358164871,-0.000188475
9.900024,2.382289851,0.000760226
10,2.406374319,-0.000160775
10.099975,2.430134453,0.000994817
10.199951,2.454299945,0.000616434
10.300049,2.478465438,0.000862558
10.400024,2.50234711,0.000146339
10.5,2.526309807,-7.74E-05
10.599975,2.550353762,-3.82E-05
10.699951,2.574316459,-6.79E-05
10.800049,2.598360414,-0.000387925
10.900024,2.622201573,-5.68E-05
11,2.646367066,0.000212209
11.099975,2.670573071,0.000435037
11.199951,2.69425218,0.000326229
11.300049,2.718295902,0.00084152
11.400024,2.742380369,0.000235237
11.5,2.766221529,0.000264073
11.599975,2.790224738,0.000107278
11.699951,2.814309206,-0.000443153
11.800049,2.838312648,0.000745998
11.900024,2.86235637,-0.000145648
12,2.88619753,-0.000153557
12.099975,2.910241485,0.000310419
12.199951,2.934366465,0.000860078
12.300049,2.958086086,-0.000374699
12.400024,2.982251579,0.000164273
12.5,3.006417071,-0.000223118
12.599975,3.030298743,0.000356149
12.699951,3.05426144,0.000550817
12.800049,3.078305395,0.00049218
12.900024,3.102268092,0.00042888
13,3.126231022,0.000227662
13.099975,3.150193719,-0.000543034
13.199951,3.174237674,0.000222754
13.300049,3.198403167,0.000357515
13.400024,3.222244326,0.000380536
13.5,3.246288048,-8.08E-05
13.599975,3.270372516,-0.000144616
13.699951,3.294213675,0.000841653
13.800049,3.31825763,0.000929155
13.900024,3.342341864,-6.30E-05
14,3.366304794,0.000468484
14.099975,3.390348516,0.000495441
14.199951,3.414351959,0.000194928
14.300049,3.438314656,0.000169731
14.400024,3.462318098,0.000437116
14.5,3.486159258,-0.000388044
14.599975,3.51032475,0.000362357
14.699951,3.534490243,-2.64E-05
14.800049,3.558290889,0.000472932
14.900024,3.582375357,0.000499696
15,3.606378566,0.000186336
15.099975,3.630219726,0.000385905
15.199951,3.654223168,0.00086613
15.300049,3.67826689,0.000312157
15.400024,3.702189075,0.000229385
15.5,3.726314055,0.000838601
15.599975,3.750276985,0.000910738
15.699951,3.774361452,0.001139299
15.800049,3.798486432,-0.00015955
15.900024,3.822205821,4.84E-05
16,3.846290288,0.000197832
16.099975,3.870374756,0.000962625
16.199951,3.894256428,0.001149911
16.300049,3.918340895,0.000791661
16.400024,3.942465875,0.001030856
16.5,3.966347314,0.000442827
16.599975,3.990229219,-0.000566709
16.699951,4.014192149,0.000593963
16.800049,4.038235638,0.000619449
16.900024,4.062320106,-0.000113998
17,4.086161498,0.000189188
17.099975,4.110367503,-0.000575791
17.199951,4.13445197,-9.89E-05
17.300049,4.158211872,-0.000109966
17.400024,4.182255827,8.32E-05
17.5,4.206340294,0.001203513
17.599975,4.230221733,0.000832801
17.699951,4.254184663,0.000726155
17.800049,4.278269131,-0.000141824
17.900024,4.302313086,0.000382905
18,4.326357041,0.000843131
18.099975,4.350116942,0.000592366
18.199951,4.374282435,0.000638453
18.300049,4.398407415,0.000495485
18.400024,4.422126804,0.000318632
18.5,4.446292296,0.00023292
18.599975,4.470498301,-0.000181309
18.699951,4.494339693,0.000569991
18.800049,4.518261645,0.000362327
18.900024,4.542184062,0.000517303
19,4.56610648,-0.000337413
19.099975,4.590149969,-0.000243309
19.199951,4.614153411,0.000691564
19.300049,4.638318904,0.001156751
19.400024,4.662484396,0.000490888
19.5,4.686244763,0.00049045
19.599975,4.710329231,0.000474514
19.699951,4.734454211,-5.07E-05
19.800049,4.758254625,0.001217103
19.900024,4.782258067,0.000517214
20,4.806464072,0.000184153
20.099975,4.830467515,0.00018872
20.199951,4.854429979,0.000452391
20.300049,4.878392909,0.000480343
20.400024,4.902355839,2.11E-05
20.5,4.926358815,0.000334821
20.599975,4.950159695,0.000134539
20.699951,4.974244162,0.000697037
20.800049,4.998369142,-3.88E-05
20.900024,5.022210069,9.04E-05
21,5.046294536,0.000936203
21.099975,5.070338491,0.000361013
21.199951,5.094301421,0.000702057
21.300049,5.118263885,0.000176638
21.400024,5.142267328,0.000311176
21.5,5.166351795,0.000208807
21.599975,5.190436263,-0.000122182
21.699951,5.214236677,0.00055306
21.800049,5.238321144,0.000769843
21.900024,5.262405612,0.000152673
22,5.286165513,0.000336269
22.099975,5.310249981,0.000504292
22.199951,5.334415473,0.000774462
22.300049,5.358378403,0.000547297
22.400024,5.382381845,0.000645968
22.5,5.406344309,0.000335007
22.599975,5.430266727,0.000444646
22.699951,5.454310682,0.000255562
22.800049,5.478192121,0.001105845
22.900024,5.502276588,0.001034688
23,5.526442081,0.00053116
23.099975,5.55024296,0.000487628
23.199951,5.574408453,-0.000132356
23.300049,5.598452408,0.00047343
23.400024,5.622131284,-3.54E-05
23.5,5.646134261,0.000613293
23.599975,5.670178216,0.00074325
23.699951,5.694141146,0.001177915
23.800049,5.718306638,0.000372613
23.900024,5.742350593,0.001714006
24,5.766394548,0.00015225
24.099975,5.790479016,0.000795908
24.199951,5.814238917,0.001850988
24.300049,5.838282872,0.000973578
24.400024,5.862367339,0.001369761
24.5,5.886208266,0.0012631
24.599975,5.910292733,0.000891171
24.699951,5.934377201,0.00089501
24.800049,5.95825864,0.000741861
24.900024,5.982262082,0.000457449
25,6.006306037,-4.43E-05
25.099975,6.03030948,0.001851352
25.199951,6.054312922,0.000879786
25.300049,6.078194361,0.000394445
25.400024,6.102400366,0.001316887
25.5,6.126525346,0.000672241
25.599975,6.150244735,0.000431754
25.699951,6.174248178,0.001736767
25.800049,6.198332645,0.001178375
25.900024,6.22221455,0.000712023
26,6.246299017,0.001548931
26.099975,6.270342506,0.001386923
26.199951,6.294345949,0.000771135
26.300049,6.318308879,0.000864503
26.400024,6.34223083,0.001380945
26.5,6.366274785,0.000728873
26.599975,6.390359253,0.00092063
26.699951,6.414160132,0.001394193
26.800049,6.438285112,0.001110783
26.900024,6.462491117,0.001274247
27,6.486291531,0.002007182
27.099975,6.510254461,0.001159253
27.199951,6.534338929,0.001045144
27.300049,6.558341905,0.001313768
27.400024,6.582345348,0.001483284
27.5,6.606308278,0.000720481
27.599975,6.630392745,0.001797104
27.699951,6.654477213,0.001010828
27.800049,6.678237114,0.000739656
27.900024,6.702321582,0.00158093
28,6.726446562,0.001253431
28.099975,6.750165951,0.001225175
28.199951,6.774209905,0.001743874
28.300049,6.798375398,0.001163011
28.400024,6.82237884,0.001263776
28.5,6.846341304,0.002011481
28.599975,6.870304234,0.001195775
28.699951,6.894388702,0.001844208
28.800049,6.918392144,0.00104755
28.900024,6.942111533,0.000939997
29,6.966236513,0.001917756
29.099975,6.990442518,0.002391186
29.199951,7.01428391,0.002195114
29.300049,7.038246375,0.0018043
29.400024,7.062330842,0.00156264
29.5,7.086212747,0.002134651
29.599975,7.110175211,0.001960315
29.699951,7.134259678,0.001847996
29.800049,7.158303633,0.002235735
29.900024,7.182428613,0.001830849
30,7.206270006,0.001638557
30.099975,7.230313495,0.001927425
30.199951,7.254438475,0.003118173
30.300049,7.278198842,0.001862974
30.400024,7.302242797,0.002487814
30.5,7.326286286,0.002378584
30.599975,7.350168191,0.001724737
30.699951,7.374293171,0.001893688
30.800049,7.398337126,0.00232037
30.900024,7.42229959,0.001975346
31,7.446343545,0.002342315
31.099975,7.470184937,0.002594661
31.199951,7.494228892,0.001369487
31.300049,7.518394385,0.002764133
31.400024,7.542275824,0.00215739
31.5,7.566319779,0.002076876
31.599975,7.590323221,0.002190733
31.699951,7.614164148,0.002273163
31.800049,7.638208102,0.001807649
31.900024,7.662373595,0.002238527
32,7.686296012,0.002446273
32.099975,7.710298989,0.002358905
32.199951,7.734342944,0.002872183
32.300049,7.758346386,0.002579549
32.400024,7.782430854,0.002013472
32.5,7.806150243,0.001911311
32.599975,7.830275223,0.002157219
32.699951,7.854360156,0.002560464
32.800049,7.878241129,0.001683782
32.900024,7.902366109,0.001724759
33,7.926491089,0.001018031
33.099975,7.950332016,0.00278174
33.199951,7.974335924,0.002788839
33.300049,7.998298854,0.001971856
33.400024,8.02230183,0.002663509
33.5,8.046386763,0.001811749
33.599975,8.07022769,0.002930084
33.699951,8.094311692,0.002060263
33.800049,8.118436672,0.001368937
33.900024,8.142156526,0.001551671
34,8.166281506,0.002473259
34.099975,8.190365508,0.002070927
34.199951,8.214207366,0.002796577
34.300049,8.238291368,0.002483418
34.400024,8.26237537,0.002466969
34.5,8.286379278,0.00257066
34.599975,8.310342208,0.002666442
34.699951,8.334223181,0.003059685
34.800049,8.358267136,0.003070631
34.900024,8.382352069,0.002620229
35,8.406111971,0.002379705
35.099975,8.430317976,0.002912841
35.199951,8.454442956,0.003765284
35.300049,8.47816281,0.003033923
35.400024,8.502246812,0.002503001
35.5,8.526331745,0.002035587
35.599975,8.550253697,0.002452006
35.699951,8.574216627,0.002619093
35.800049,8.598219603,0.002338201
35.900024,8.622303605,0.002851085
36,8.646307513,0.003076401
36.099975,8.670026436,0.002308548
36.199951,8.694192395,0.003484057
36.300049,8.718358353,0.003125049
36.400024,8.742158301,0.003472888
36.5,8.766243234,0.00261711
36.599975,8.790408261,0.003012076
36.699951,8.814412169,0.003504932
36.800049,8.838334121,0.002469405
36.900024,8.862297051,0.003742441
37,8.886300027,0.002895805
37.099975,8.910303004,0.003147461
37.199951,8.934103884,0.00333278
37.300049,8.958269842,0.003124359
37.400024,8.982394822,0.003093117
37.5,9.006154723,0.002510449
37.599975,9.030238725,0.00385621
37.699951,9.054323658,0.003005883
37.800049,9.07824561,0.003707412
37.900024,9.102330543,0.00279712
38,9.126373567,0.003810405
38.099975,9.150377475,0.00389484
38.199951,9.174461477,0.003083196
38.300049,9.198343381,0.003189352
38.400024,9.222387336,0.003869317
38.5,9.246471338,0.003086515
38.599975,9.270191193,0.002542567
38.699951,9.294235148,0.003889271
38.800049,9.318441153,0.003010709
38.900024,9.342323057,0.00330739
39,9.366367012,0.003048196
39.099975,9.390410967,0.003653543
39.199951,9.414332919,0.003794023
39.300049,9.438335896,0.003409098
39.400024,9.462258779,0.003285297
39.5,9.486302733,0.003146756
39.599975,9.510386735,0.002705481
39.699951,9.534146637,0.004196132
39.800049,9.55823157,0.003294721
39.900024,9.58235655,0.003660643
40,9.606197476,0.004164764
40.099975,9.630160406,0.003297751
40.199951,9.654244408,0.004186449
40.300049,9.678207338,0.003675896
40.400024,9.702332318,0.004209648
40.5,9.726335295,0.004002192
40.599975,9.750339203,0.004042078
40.699951,9.774383157,0.004108757
40.800049,9.798183106,0.003677894
40.900024,9.822268039,0.003353098
41,9.846352041,0.003585067
41.099975,9.870233946,0.003195672
41.199951,9.894358926,0.004094179
41.300049,9.91840288,0.003304004
41.400024,9.94220376,0.004000283
41.5,9.966165759,0.003871299
41.599975,9.990250692,0.003787481
41.699951,10.01417264,0.00355384
41.800049,10.0383386,0.003561994
41.900024,10.06230153,0.004376639
42,10.08638553,0.004295189
42.099975,10.11051051,0.003784369
42.199951,10.13423037,0.00424158
42.300049,10.15831437,0.004895509
42.400024,10.18239837,0.004128005
42.5,10.20619925,0.003891572
42.599975,10.23028418,0.003711274
42.699951,10.25444921,0.004039129
42.800049,10.27837116,0.003517638
42.900024,10.30229405,0.00377675
43,10.32617595,0.004862425
43.099975,10.35021897,0.004193125
43.199951,10.37434395,0.004773832
43.300049,10.39818581,0.00493757
43.400024,10.42239182,0.004271864
43.5,10.44655684,0.004910732
43.599975,10.47031675,0.004603484
43.699951,10.49432065,0.004751984
43.800049,10.51840466,0.004991989
43.900024,10.54232754,0.005076097
44,10.56633051,0.004390541
44.099975,10.59029344,0.00519868
44.199951,10.61429642,0.005066755
44.300049,10.63834038,0.004287422
44.400024,10.66214126,0.004008237
44.5,10.68630628,0.006108854
44.599975,10.71043126,0.004430998
44.699951,10.73419116,0.004565314
44.800049,10.75831614,0.005400016
44.900024,10.7824821,0.00543333
45,10.80636401,0.004494179
45.099975,10.83024498,0.00500194
45.199951,10.85428894,0.004530953
45.300049,10.87821182,0.004837028
45.400024,10.90225577,0.004544365
45.5,10.92613675,0.005403848
45.599975,10.95022168,0.004621114
45.699951,10.97438671,0.00469507
45.800049,10.99814754,0.004255771
45.900024,11.02231257,0.004817185
46,11.0463975,0.004990259
46.099975,11.07019745,0.005637622
46.199951,11.09416038,0.005115893
46.300049,11.11828536,0.005274129
46.400024,11.14228833,0.004956781
46.5,11.16633229,0.005515953
46.599975,11.19021419,0.005024887
46.699951,11.21425815,0.004746147
46.800049,11.2383021,0.004648004
46.900024,11.26210298,0.00526628
47,11.28618699,0.004579038
47.099975,11.31035294,0.005966347
47.199951,11.33423392,0.005182112
47.300049,11.35827787,0.005224032
47.400024,11.38240285,0.004628919
47.5,11.40632574,0.004802512
47.599975,11.43028773,0.005739813
47.699951,11.45425066,0.005191402
47.800049,11.4783356,0.005142063
47.900024,11.50246058,0.005129067
48,11.5263015,0.005314839
48.099975,11.55034546,0.005290385
48.199951,11.57447044,0.005240756
48.300049,11.59818936,0.005338194
48.400024,11.62227429,0.00487231
48.5,11.6463583,0.005080241
48.599975,11.67028118,0.004683694
48.699951,11.69432513,0.004879714
48.800049,11.71832811,0.005602787
48.900024,11.74237207,0.005332305
49,11.76637504,0.00482029
49.099975,11.79021597,0.005375094
49.199951,11.8143009,0.005517059
49.300049,11.83842588,0.006067595
49.400024,11.86230779,0.005729394
49.5,11.88639179,0.005430189
49.599975,11.91043574,0.00512525
49.699951,11.93423662,0.005237786
49.800049,11.9582396,0.005487674
49.900024,11.98232453,0.005798598
50,12.00624648,0.005324723
50.099975,12.03020941,0.005427983
50.199951,12.05421239,0.005571263
50.300049,12.07837835,0.005889687
50.400024,12.1024223,0.005613391
50.5,12.12610118,0.006142316
50.599975,12.15022616,0.005769933
50.699951,12.17435114,0.005487763
50.800049,12.19827309,0.006584578
50.900024,12.22231705,0.006000566
51,12.24640105,0.006102452
51.099975,12.27028295,0.006212263
51.199951,12.29424588,0.006418144
51.300049,12.31824886,0.005632691
51.400024,12.34229282,0.006169206
51.5,12.36629672,0.006014126
51.599975,12.39013765,0.005959173
51.699951,12.41430268,0.00562606
51.800049,12.43838761,0.006320773
51.900024,12.46218756,0.006913005
52,12.48627249,0.005843199
52.099975,12.51031645,0.006859916
52.199951,12.5342384,0.005751205
52.300049,12.55824231,0.005880827
52.400024,12.58232631,0.00610373
52.5,12.60637026,0.006164587
52.599975,12.63037324,0.007015746
52.699951,12.65413314,0.005778941
52.800049,12.67825812,0.006295182
52.900024,12.70242408,0.005943541
53,12.72614393,0.006155378
53.099975,12.75030896,0.006563339
53.199951,12.77443394,0.006975511
53.300049,12.79827487,0.006460324
53.400024,12.82227878,0.006196437
53.5,12.84636278,0.007386621
53.599975,12.87028473,0.006597447
53.699951,12.89432868,0.005810792
53.800049,12.91821059,0.005495412
53.900024,12.94233557,0.006775035
54,12.96650153,0.007170833
54.099975,12.99022045,0.00728238
54.199951,13.0142644,0.006950871
54.300049,13.03834934,0.006597046
54.400024,13.06223031,0.008182648
54.5,13.08623422,0.006281533
54.599975,13.1103592,0.007039524
54.699951,13.13432213,0.006632469
54.800049,13.15836608,0.007091128
54.900024,13.18224706,0.006979736
55,13.20620999,0.00640745
55.099975,13.23029492,0.006797745
55.199951,13.25413585,0.007211112
55.300049,13.27830087,0.006771248
55.400024,13.30246683,0.00713068
55.5,13.32626771,0.007516236
55.599975,13.35031074,0.007038054
55.699951,13.37435469,0.007071679
55.800049,13.39819655,0.007038521
55.900024,13.42228055,0.007770149
56,13.44628353,0.007983873
56.099975,13.47028743,0.008448651
56.199951,13.49445246,0.007935923
56.300049,13.51829432,0.007928556
56.400024,13.54233827,0.007668345
56.5,13.56642228,0.007620483
56.599975,13.59010115,0.008230079
56.699951,13.61422613,0.007637385
56.800049,13.63831107,0.00812762
56.900024,13.66223302,0.008328296
57,13.68627697,0.007959693
57.099975,13.71027995,0.009242206
57.199951,13.73428293,0.007873498
57.300049,13.75840791,0.008430606
57.400024,13.78220879,0.008293171
57.5,13.80629372,0.008172236
57.599975,13.8304187,0.008977769
57.699951,13.85421865,0.008943609
57.800049,13.87830358,0.00793365
57.900024,13.90234753,0.008799
58,13.92610744,0.009177427
58.099975,13.95019144,0.008928571
58.199951,13.97431642,0.008542636
58.300049,13.99827935,0.008762731
58.400024,14.02236428,0.008159092
58.5,14.04636726,0.008597656
58.599975,14.07037023,0.009003976
58.699951,14.09433316,0.0091956
58.800049,14.11813404,0.010263363
58.900024,14.14234005,0.00972621
59,14.16646503,0.009444062
59.099975,14.19026591,0.009182922
59.199951,14.21434991,0.008999409
59.300049,14.23847489,0.009613421
59.400024,14.26231582,0.009286592
59.5,14.28627875,0.009886896
59.599975,14.31024168,0.009347634
59.699951,14.33424465,0.009372675
59.800049,14.35836963,0.010041255
59.900024,14.38225154,0.010263571
60,14.4064175,0.009997069
60.099975,14.43054248,0.010305944
60.199951,14.4542614,0.010107793
60.300049,14.47830535,0.010364091
60.400024,14.50239029,0.010726448
60.5,14.52627126,0.010822786
60.599975,14.55023419,0.011361632
60.699951,14.57435917,0.010476931
60.800049,14.59836308,0.010990038
60.900024,14.62232508,0.010858767
61,14.64620698,0.011350419
61.099975,14.67029192,0.01143501
61.199951,14.69437592,0.011428601
61.300049,14.71813582,0.011472549
61.400024,14.74230178,0.011810222
61.5,14.7664668,0.012100034
61.599975,14.79026768,0.012481409
61.699951,14.81427066,0.012303412
61.800049,14.83839564,0.012267299
61.900024,14.86231852,0.013094962
62,14.88628145,0.012569067
62.099975,14.91016243,0.013300755
62.199951,14.93428741,0.013055246
62.300049,14.95841239,0.013286177
62.400024,14.98213224,0.013089213
62.5,15.0061762,0.013410453
62.599975,15.0303822,0.014070389
62.699951,15.05418308,0.014439727
62.800049,15.07826708,0.013935717
62.900024,15.10243304,0.013899187
63,15.12639504,0.014609079
63.099975,15.15031792,0.014498831
63.199951,15.17428085,0.015316112
63.300049,15.19824285,0.014554861
63.400024,15.22232778,0.014699634
63.5,15.24612866,0.015856585
63.599975,15.27021267,0.014903903
63.699951,15.29437769,0.015053094
63.800049,15.3182596,0.015573516
63.900024,15.34234453,0.015479814
64,15.36638848,0.015652143
64.099975,15.39018843,0.015559985
64.199951,15.41415136,0.016630674
64.300049,15.43827634,0.016531982
64.400024,15.46240132,0.017109831
64.5,15.4865263,0.016887537
64.599975,15.51032718,0.017190434
64.699951,15.53429011,0.017093716
64.800049,15.55837411,0.017922247
64.900024,15.58205299,0.017522186
65,15.60617797,0.016440863
65.099975,15.63034393,0.017382168
65.199951,15.65430686,0.017152834
65.300049,15.67839086,0.018251335
65.400024,15.70243388,0.018028797
65.5,15.72631672,0.018093998
65.599975,15.75032063,0.019036564
65.699951,15.7742016,0.019117413
65.800049,15.7982856,0.019097548
65.900024,15.82249254,0.019927795
66,15.84629342,0.019078291
66.099975,15.87033644,0.018871326
66.199951,15.89437947,0.020330854
66.300049,15.91822132,0.020277193
66.400024,15.94222523,0.019935978
66.5,15.96635021,0.019191963
66.599975,15.99035226,0.019923643
66.699951,16.01439714,0.020185919
66.800049,16.0383191,0.019657722
66.900024,16.062323,0.020182934
67,16.08636603,0.019300407
67.099975,16.11016691,0.019454262
67.199951,16.13425091,0.019984655
67.300049,16.15841687,0.01937665
67.400024,16.18221775,0.02016243
67.5,16.20634273,0.02069541
67.599975,16.23042673,0.020788229
67.699951,16.25426859,0.020969566
67.800049,16.27819054,0.02111607
67.900024,16.30219445,0.021629162
68,16.32619649,0.021118757
68.099975,16.35028049,0.022644548
68.199951,16.37416333,0.022245113
68.300049,16.39828831,0.022657761
68.400024,16.42237231,0.022286245
68.5,16.44613221,0.021736551
68.599975,16.47025719,0.021586914
68.699951,16.49438217,0.021606615
68.800049,16.51814207,0.022569359
68.900024,16.54222608,0.022269634
69,16.56639203,0.022477692
69.099975,16.59031399,0.022781797
69.199951,16.61431789,0.022711823
69.300049,16.63828082,0.022633284
69.400024,16.66236483,0.022032436
69.5,16.68644883,0.023033314
69.599975,16.71012864,0.022987902
69.699951,16.73433371,0.023619627
69.800049,16.75854065,0.023179934
69.900024,16.78230055,0.023881695
70,16.8062225,0.023864748
70.099975,16.83038846,0.024127291
70.199951,16.85435139,0.025334873
70.300049,16.87835529,0.024356461
70.400024,16.90231822,0.024856276
70.5,16.92636125,0.02565802
70.599975,16.95040427,0.025593153
70.699951,16.97412506,0.024592278
70.800049,16.99825004,0.025867868
70.900024,17.02237502,0.026347921
71,17.04613492,0.026147505
71.099975,17.07021892,0.025697023
71.199951,17.09442586,0.027106209
71.300049,17.11834781,0.027879534
71.400024,17.14234985,0.027594223
71.5,17.16627367,0.028166361
71.599975,17.19027571,0.028297758
71.699951,17.2143206,0.028453114
71.800049,17.2381606,0.028297737
71.900024,17.26236753,0.028960703
72,17.28657261,0.028714371
72.099975,17.31033251,0.030037786
72.199951,17.33437739,0.029462797
72.300049,17.35842042,0.029858809
72.400024,17.38218032,0.029805557
72.5,17.4062252,0.029865374
72.599975,17.43026823,0.029443399
72.699951,17.45431311,0.029094261
72.800049,17.47839712,0.027844015
72.900024,17.50227809,0.026986425
73,17.52636395,0.026364473
73.099975,17.55040698,0.026510754
73.199951,17.57408679,0.026561251
73.300049,17.59817079,0.026108124
73.400024,17.62233675,0.026185179
73.5,17.64621772,0.026052057
73.599975,17.67022163,0.025193035
73.699951,17.69426465,0.025062267
73.800049,17.71822758,0.024672398
73.900024,17.74227247,0.025647423
74,17.7662354,0.025652489
74.099975,17.79023744,0.025532446
74.199951,17.8144034,0.025850662
74.300049,17.83824526,0.025229355
74.400024,17.86232926,0.024738356
74.5,17.88641326,0.025784882
74.599975,17.91017316,0.025390406
74.699951,17.93425716,0.026105824
74.800049,17.95834303,0.025440844
74.900024,17.98226498,0.025758883
75,18.006308,0.026255415
75.099975,18.03031191,0.025753952
75.199951,18.05439591,0.026027225
75.300049,18.07839982,0.025390606
75.400024,18.10215972,0.025604004
75.5,18.1262847,0.025869858
75.599975,18.15048978,0.025777439
75.699951,18.17433164,0.026346838
75.800049,18.19841564,0.025241787
75.900024,18.22249964,0.025655243
76,18.2462614,0.026248583
76.099975,18.27022247,0.026472376
76.199951,18.29430833,0.025719709
76.300049,18.31827126,0.026363642
76.400024,18.34231429,0.026212164
76.5,18.36623624,0.025652481
76.599975,18.39032024,0.026032223
76.699951,18.41444522,0.027056572
76.800049,18.43816601,0.02689781
76.900024,18.46229099,0.026721373
77,18.48641597,0.026949125
77.099975,18.51021685,0.027624508
77.199951,18.53425987,0.026342136
77.300049,18.55842583,0.027127426
77.400024,18.58234778,0.027078428
77.5,18.60626973,0.027863813
77.599975,18.63015071,0.028288067
77.699951,18.65423657,0.027638996
77.800049,18.67832057,0.027636106
77.900024,18.70216243,0.027741022
78,18.7263675,0.027858437
78.099975,18.75049248,0.027218567
78.199951,18.77421141,0.027557018
78.300049,18.79829727,0.028531696
78.400024,18.82234029,0.027499666
78.5,18.84622127,0.027847885
78.599975,18.8701842,0.028370913
78.699951,18.89430918,0.027906996
78.800049,18.91835406,0.027994343
78.900024,18.94243807,0.027379148
79,18.96619797,0.028515017
79.099975,18.99032295,0.028042397
79.199951,19.01440695,0.028026794
79.300049,19.03816685,0.028507828
79.400024,19.06233281,0.028698612
79.5,19.08649877,0.028750803
79.599975,19.11037974,0.02887274
79.699951,19.13430355,0.029283516
79.800049,19.15834658,0.02912583
79.900024,19.18235049,0.028166561
80,19.20631342,0.027515158
80.099975,19.23019439,0.028679707
80.199951,19.25427839,0.029025124
80.300049,19.27844435,0.028725548
80.400024,19.30220425,0.028821285
80.5,19.32624727,0.027759899
80.599975,19.35037225,0.028425318
80.699951,19.37421411,0.028987339
80.800049,19.39821802,0.029025398
80.900024,19.422343,0.02933226
81,19.446427,0.028165211
81.099975,19.47043091,0.028856588
81.199951,19.49419081,0.028412752
81.300049,19.51827481,0.029047989
81.400024,19.54231784,0.028593794
81.5,19.56611872,0.028673727
81.599975,19.5902437,0.027976164
81.699951,19.61436868,0.028692263
81.800049,19.63825151,0.028915003
81.900024,19.66229454,0.029128643
82,19.68637854,0.028667393
82.099975,19.71030235,0.029644892
82.199951,19.73426342,0.029571663
82.300049,19.75822635,0.029447781
82.400024,19.78231221,0.029747841
82.5,19.80647631,0.030893726
82.599975,19.83027719,0.029989538
82.699951,19.85432208,0.029722414
82.800049,19.8783651,0.030467691
82.900024,19.902125,0.030111393
83,19.92616989,0.030217371
83.099975,19.95029487,0.030237072
83.199951,19.97421682,0.030732529
83.300049,19.99830082,0.030754629
83.400024,20.02234384,0.030325533
83.5,20.04630677,0.030540066
83.599975,20.07035166,0.029918612
83.699951,20.09415254,0.03087208
83.800049,20.11831664,0.029711075
83.900024,20.14244162,0.029967527
84,20.1662425,0.029950855
84.099975,20.19028738,0.030323647
84.199951,20.21437138,0.031067484
84.300049,20.23821324,0.030469948
84.400024,20.26217617,0.03049386
84.5,20.28630115,0.030037525
84.599975,20.3102231,0.030397789
84.699951,20.3343071,0.030643503
84.800049,20.35827003,0.030071976
84.900024,20.38239501,0.030124916
85,20.40643804,0.029976995
85.099975,20.43019794,0.02988047
85.199951,20.45424283,0.030090252
85.300049,20.47840878,0.030054272
85.400024,20.5022078,0.030486902
85.5,20.52633278,0.029592716
85.599975,20.55041865,0.029771612
85.699951,20.57429962,0.029272123
85.800049,20.59830353,0.030132067
85.900024,20.62222548,0.029734013
86,20.64622939,0.030497381
86.099975,20.67031339,0.02998065
86.199951,20.69419436,0.029439939
86.300049,20.71844041,0.029780834
86.400024,20.74256539,0.030336226
86.5,20.76628618,0.029335365
86.599975,20.79028822,0.02934576
86.699951,20.81437409,0.030112789
86.800049,20.83821408,0.03035321
86.900024,20.86217701,0.030506924
87,20.88630199,0.030142427
87.099975,20.91034688,0.029646696
87.199951,20.9343899,0.030827404
87.300049,20.95819078,0.03067618
87.400024,20.98231576,0.031090378
87.5,21.00635879,0.030414787
87.599975,21.03007957,0.031167831
87.699951,21.05424553,0.029917654
87.800049,21.07845061,0.031197262
87.900024,21.10233158,0.030528265
88,21.12637646,0.030448332
88.099975,21.15038037,0.030174812
88.199951,21.17430232,0.029853729
88.300049,21.19834535,0.02901247
88.400024,21.22222818,0.029452318
88.5,21.24635316,0.030432104
88.599975,21.27043717,0.030213034
88.699951,21.29411511,0.030314222
88.800049,21.31824009,0.029839449
88.900024,21.34244703,0.030888737
89,21.36620693,0.030705067
89.099975,21.39021084,0.03061256
89.199951,21.41437493,0.029324984
89.300049,21.43837884,0.029627352
89.400024,21.46234177,0.029445843
89.5,21.48626372,0.029785418
89.599975,21.51026763,0.029638832
89.699951,21.53435163,0.029484362
89.800049,21.55819349,0.029370602
89.900024,21.58227749,0.029304041
90,21.60640247,0.028693504
90.099975,21.63024433,0.027982016
90.199951,21.65428735,0.028838305
90.300049,21.67833038,0.029003061
90.400024,21.70221321,0.029060383
90.5,21.72617614,0.028439188
90.599975,21.75021917,0.028522896
90.699951,21.77430317,0.028365187
90.800049,21.79842815,0.028702408
90.900024,21.82227001,0.028679171
91,21.84635401,0.028686605
91.099975,21.87039889,0.028880932
91.199951,21.89411782,0.028507835
91.300049,21.9182428,0.028509855
91.400024,21.9423268,0.028790771
91.5,21.96620964,0.028520014
91.599975,21.99025266,0.028273699
91.699951,22.01429754,0.028517906
91.800049,22.03825861,0.029197224
91.900024,22.0623035,0.029267162
92,22.08614536,0.028666569
92.099975,22.11018838,0.0290732
92.199951,22.13431336,0.028347298
92.300049,22.15815522,0.029068886
92.400024,22.18231931,0.02885635
92.5,22.20648527,0.029383984
92.599975,22.23032713,0.028674828
92.699951,22.25424908,0.029423023
92.800049,22.27833308,0.028235149
92.900024,22.30221592,0.028566792
93,22.32629992,0.028443295
93.099975,22.35030197,0.028389114
93.199951,22.37430587,0.028917809
93.300049,22.39838988,0.029071901
93.400024,22.42219076,0.0297101
93.5,22.44631574,0.029585135
93.599975,22.47039974,0.028693266
93.699951,22.49428257,0.029330545
93.800049,22.51836658,0.0293314
93.900024,22.54245058,0.030346905
94,22.56633341,0.030568886
94.099975,22.59033546,0.02952528
94.199951,22.61429839,0.02961928
94.300049,22.63834327,0.029636196
94.400024,22.66234532,0.029841936
94.5,22.68618718,0.029695353
94.599975,22.71039411,0.029781755
94.699951,22.73447812,0.028963242
94.800049,22.75819704,0.029370296
94.900024,22.78228104,0.028391891
95,22.80636691,0.028535149
95.099975,22.83024788,0.029544914
95.199951,22.85425179,0.029026089
95.300049,22.87837677,0.029270683
95.400024,22.9023397,0.028099035
95.5,22.92630076,0.028496807
95.599975,22.95006253,0.028521954
95.699951,22.97418751,0.027143562
95.800049,22.99831249,0.027908459
95.900024,23.02203141,0.028373756
96,23.04615639,0.027932854
96.099975,23.07044342,0.026456856
96.199951,23.0942443,0.02766478
96.300049,23.11824635,0.027456284
96.400024,23.14225025,0.027362291
96.5,23.16621318,0.027838297
96.599975,23.19025621,0.027549601
96.699951,23.21421914,0.027507879
96.800049,23.2383851,0.027694824
96.900024,23.2624691,0.027394491
97,23.28614891,0.026517935
97.099975,23.31027389,0.027240088
97.199951,23.33439887,0.027781258
97.300049,23.35815877,0.026832727
97.400024,23.38228375,0.026128479
97.5,23.40636775,0.0258144
97.599975,23.43041264,0.025955244
97.699951,23.45441468,0.025796947
97.800049,23.47837761,0.026156878
97.900024,23.50234054,0.026104382
98,23.52638543,0.025359253
98.099975,23.55014533,0.025484524
98.199951,23.57431129,0.025214607
98.300049,23.59847538,0.024935801
98.400024,23.62223528,0.024227448
98.5,23.64623919,0.024532497
98.599975,23.67032319,0.024672003
98.699951,23.69424514,0.024177469
98.800049,23.71829003,0.023918507
98.900024,23.74229394,0.023988222
99,23.76637794,0.024011049
99.099975,23.79042096,0.024231182
99.199951,23.81422184,0.024579704
99.300049,23.83830585,0.023948402
99.400024,23.86243083,0.024443487
99.5,23.88615161,0.024236084
99.599975,23.91027659,0.024429035
99.699951,23.93436059,0.023958273
99.800049,23.95828255,0.023243376
99.900024,23.98236655,0.024356268
100,24.00637046,0.023804693
100.099975,24.03033338,0.024242367
100.199951,24.05437641,0.023864571
100.300049,24.07825924,0.02345072
100.400024,24.10230227,0.02410857
100.5,24.12646823,0.024921171
100.599975,24.15031008,0.025344965
100.699951,24.17435311,0.0244277
100.800049,24.19839613,0.024132341
100.900024,24.22219701,0.024318468
101,24.24620092,0.024870163
101.099975,24.27028492,0.024772902
101.199951,24.29420687,0.025356194
101.300049,24.31825176,0.024712818
101.400024,24.34229478,0.024346687
101.5,24.36625771,0.0241938
101.599975,24.39034171,0.024618654
101.699951,24.41418357,0.025107754
101.800049,24.43830855,0.025257568
101.900024,24.46239255,0.024688192
102,24.48615246,0.025106253
102.099975,24.51023832,0.025243776
102.199951,24.5343633,0.024562046
102.300049,24.55824427,0.024420044
102.400024,24.5822072,0.024683336
102.5,24.60625023,0.02510955
102.599975,24.63025413,0.023171818
102.699951,24.65437911,0.023849546
102.800049,24.67830107,0.024727997
102.900024,24.70238507,0.024440428
103,24.72647093,0.025212418
103.099975,24.75026995,0.025145752
103.199951,24.77439493,0.024858198
103.300049,24.79843982,0.024883173
103.400024,24.8222407,0.024796354
103.5,24.84624274,0.025705147
103.599975,24.8704087,0.024767103
103.699951,24.89437163,0.025789225
103.800049,24.91833456,0.025230856
103.900024,24.94217642,0.025329609
104,24.96626042,0.025747387
104.099975,24.99034442,0.026005377
104.199951,25.01418628,0.026004278
104.300049,25.03839135,0.026136879
104.400024,25.06255731,0.025747066
104.5,25.08631721,0.025852964
104.599975,25.11032112,0.025163568
104.699951,25.13436414,0.02545015
104.800049,25.15828609,0.025676022
104.900024,25.18224902,0.025691044
105,25.20625293,0.026443213
105.099975,25.23033693,0.024883032
105.199951,25.25442094,0.025019634
105.300049,25.27822182,0.025514429
105.400024,25.3023468,0.025309313
105.5,25.32643266,0.024979393
105.599975,25.35015158,0.026728436
105.699951,25.37423559,0.025991461
105.800049,25.39840154,0.025952845
105.900024,25.42236447,0.026963345
106,25.44628642,0.026948954
106.099975,25.47029033,0.026997423
106.199951,25.49429238,0.026982573
106.300049,25.51837824,0.026680092
106.400024,25.54213814,0.026536552
106.5,25.56626312,0.02702421
106.599975,25.5903881,0.027186804
106.699951,25.61418712,0.027522524
106.800049,25.63823201,0.026978687
106.900024,25.66235699,0.027825577
107,25.68623796,0.026477901
107.099975,25.71024187,0.0277689
107.199951,25.73432587,0.027539165
107.300049,25.75837076,0.027819263
107.400024,25.7823728,0.028193317
107.5,25.80629475,0.028336174
107.599975,25.83033964,0.027733574
107.699951,25.85438266,0.027381191
107.800049,25.87810345,0.027601538
107.900024,25.90218745,0.028142561
108,25.92639253,0.027460279
108.099975,25.95031634,0.027735498
108.199951,25.97440034,0.02726965
108.300049,25.99844337,0.028379274
108.400024,26.0223262,0.028669815
108.5,26.04628913,0.028446251
108.599975,26.07021108,0.028769503
108.699951,26.09421313,0.028477745
108.800049,26.11842006,0.029347639
108.900024,26.14226192,0.028715328
109,26.16634592,0.030138031
109.099975,26.19042993,0.029452303
109.199951,26.21423081,0.028669472
109.300049,26.23823471,0.028656849
109.400024,26.26231872,0.028906284
109.5,26.28624067,0.029161438
109.599975,26.31032467,0.029471062
109.699951,26.33436956,0.029183107
109.800049,26.35841258,0.028985527
109.900024,26.38245746,0.029782217
110,26.40621737,0.0294923
110.099975,26.43030137,0.028722992
110.199951,26.45442635,0.029256105
110.300049,26.47822723,0.029414246
110.400024,26.50235221,0.028803366
110.5,26.52635425,0.028964571
110.599975,26.55019611,0.029342583
110.699951,26.57423913,0.029500862
110.800049,26.59828402,0.029581421
110.900024,26.62228793,0.029477396
111,26.64633095,0.029789242
111.099975,26.67021193,0.029512016
111.199951,26.69433691,0.029412937
111.300049,26.71842277,0.029653099
111.400024,26.74218267,0.029075682
111.5,26.7662257,0.029794893
111.599975,26.79039165,0.030137749
111.699951,26.81423351,0.029915396
111.800049,26.83831751,0.030562323
111.900024,26.86240152,0.030158045
112,26.88628249,0.030261913
112.099975,26.91024542,0.030349787
112.199951,26.93412825,0.030583345
112.300049,26.95817128,0.030715322
112.400024,26.98229626,0.030748598
112.5,27.00613812,0.030500923
112.599975,27.03030407,0.030618546
112.699951,27.05446817,0.03099066
112.800049,27.07818896,0.030496691
112.900024,27.102191,0.031134043
113,27.12635696,0.031311638
113.099975,27.15031989,0.031421871
113.199951,27.17428282,0.030377968
113.300049,27.19832584,0.03144943
113.400024,27.22241171,0.030446089
113.5,27.24641375,0.031585871
113.599975,27.27017365,0.030827984
113.699951,27.29429863,0.03141951
113.800049,27.31834352,0.031242182
113.900024,27.3421444,0.031104576
114,27.3662284,0.032411247
114.099975,27.39039436,0.031603313
114.199951,27.41435729,0.030942762
114.300049,27.43832022,0.031833309
114.400024,27.46232226,0.032103588
114.5,27.48628519,0.031863325
114.599975,27.51041017,0.032021271
114.699951,27.53421105,0.032125549
114.800049,27.55829506,0.032197269
114.900024,27.58237906,0.032211662
115,27.60617994,0.032071404
115.099975,27.63026394,0.031850752
115.199951,27.65438892,0.032256844
115.300049,27.67827176,0.032071239
115.400024,27.70227566,0.032104904
115.5,27.72631869,0.031318531
115.599975,27.75036171,0.032070408
115.699951,27.7744066,0.032220341
115.800049,27.79828757,0.031997143
115.900024,27.82229148,0.031754175
116,27.84641646,0.0324104
116.099975,27.87017636,0.031681429
116.199951,27.89434232,0.032533184
116.300049,27.9184673,0.032447803
116.400024,27.94234827,0.032250427
116.5,27.9663112,0.03256126
116.599975,27.99035609,0.033175392
116.699951,28.01427804,0.033583263
116.800049,28.03824097,0.033314564
116.900024,28.06216292,0.033413235
117,28.08624692,0.032912277
117.099975,28.1103719,0.033745384
117.199951,28.13421376,0.033476269
117.300049,28.15833874,0.033349907
117.400024,28.18246372,0.034116245
117.5,28.20614167,0.032835255
117.599975,28.23018655,0.034248066
117.699951,28.25427055,0.034093327
117.800049,28.27823348,0.033943668
117.900024,28.30231749,0.033833511
118,28.32632139,0.033807423
118.099975,28.35028432,0.034759071
118.199951,28.37432735,0.034791435
118.300049,28.39812823,0.033656651
118.400024,28.42229418,0.034540653
118.5,28.44649926,0.034719608
118.599975,28.47025916,0.034405437
118.699951,28.49438414,0.034067017
118.800049,28.51847,0.035290684
118.900024,28.54231,0.035088825
119,28.56623195,0.034744373
119.099975,28.59023586,0.034452179
119.199951,28.61423977,0.033959225
119.300049,28.63832377,0.034906708
119.400024,28.66232768,0.03486961
119.5,28.6863707,0.033955639
119.599975,28.71041559,0.033991344
119.699951,28.73413451,0.034888565
119.800049,28.75825949,0.034491055
119.900024,28.78238447,0.034471294
120,28.80622447,0.034637913
120.099975,28.83026935,0.034526722
120.199951,28.85435335,0.033986465
120.300049,28.87823433,0.034053345
120.400024,28.90219726,0.033200233
120.5,28.92620116,0.033435307
120.599975,28.95032614,0.032659039
120.699951,28.97437103,0.032553017
120.800049,28.99817005,0.033271027
120.900024,29.02237698,0.0326731
121,29.04646099,0.032778042
121.099975,29.07022089,0.033041821
121.199951,29.09434587,0.032797523
121.300049,29.11842987,0.03325639
121.400024,29.14231271,0.03343705
121.5,29.16627564,0.033529404
121.599975,29.19035964,0.033231525
121.699951,29.21440266,0.03384914
121.800049,29.23840657,0.033282707
121.900024,29.26216647,0.033076931
122,29.28629145,0.034183716
122.099975,29.31041643,0.033816162
122.199951,29.33417633,0.03412558
122.300049,29.35834229,0.034134647
122.400024,29.38250825,0.034867508
122.5,29.40634824,0.034430302
122.599975,29.43031117,0.034459755
122.699951,29.4542741,0.034432617
122.800049,29.47823703,0.034122787
122.900024,29.50224094,0.034526581
123,29.52612191,0.034039845
123.099975,29.55028787,0.034651237
123.199951,29.57441285,0.034934692
123.300049,29.59821373,0.035127132
123.400024,29.62225676,0.035578609
123.5,29.64638174,0.035007912
123.599975,29.67022359,0.036938725
123.699951,29.69418652,0.036805706
123.800049,29.71835248,0.036123039
123.900024,29.74235453,0.0360014
124,29.76635844,0.036322773
124.099975,29.79023941,0.036185276
124.199951,29.81428429,0.036235054
124.300049,29.83832732,0.036695354
124.400024,29.86208722,0.036257015
124.5,29.8862122,0.036415791
124.599975,29.91029806,0.035259842
124.699951,29.93417904,0.035512665
124.800049,29.95830402,0.035640877
124.900024,29.98238802,0.035759064
